task_id,task_name,assignees,task_topic,start_date,close_time_days
1,enhance bricks-and-clicks solutions,"Tara Young,Mary Perez",Spike,2024-08-31,144
2,architect collaborative models,"Dawn Johnston,Derek Harrison,Carol Shelton",Documentation,2024-06-13,156
3,unleash impactful interfaces,Jerry Ruiz,Bug,2024-12-12,26
4,reinvent robust bandwidth,"Nicolas Evans,Vanessa Matthews",Spike,2024-11-15,227
5,envisioneer global e-tailers,Dawn Johnston,Spike,2024-07-05,213
6,incubate value-added networks,"Jason Rhodes,Nicolas Evans",Documentation,2024-09-05,144
7,embrace holistic e-business,Valerie Sanchez,Bug,2024-05-06,28
8,transform collaborative architectures,"Kelly Larson,Angelica Williams,Joseph Moore",Bug,2024-03-28,23
9,repurpose ubiquitous metrics,"Ruben Myers,Donna Garza,Alexis Baker",Spike,2024-02-14,119
10,incubate holistic markets,Isabella Williams,Feature,2024-10-08,150
11,cultivate leading-edge info-mediaries,"Joseph Moore,Vanessa Matthews,Brandon Adams DDS",Spike,2024-09-02,78
12,strategize enterprise platforms,Vanessa Matthews,Spike,2024-08-05,102
13,productize distributed synergies,Hayley Jones,Spike,2024-01-15,102
14,enhance dot-com portals,Nicholas Moore,Spike,2024-09-12,141
15,cultivate visionary convergence,"Donna Garza,Pamela Stuart,Curtis Esparza",Documentation,2024-11-09,148
16,whiteboard viral e-tailers,"Mario Hernandez,Melody Chandler",Bug,2024-06-25,34
17,empower robust solutions,Benjamin Collins,Documentation,2024-11-30,24
18,re-intermediate user-centric niches,Melissa James DVM,Documentation,2024-08-02,221
19,evolve cutting-edge e-markets,"Michael Alvarado,Alejandra Carroll",Documentation,2024-01-25,149
20,re-intermediate visionary architectures,"Mary Perez,Matthew Lewis",Spike,2024-11-19,156
21,whiteboard scalable e-services,Amanda Brewer,Feature,2024-10-18,237
22,orchestrate vertical ROI,"Kendra Price,Traci Woods,Amanda Brewer",Bug,2024-04-26,33
23,leverage viral methodologies,"Andrea Roberts,Joshua Browning",Feature,2024-03-20,64
24,innovate transparent e-services,"Mrs. Christine Farmer,Vanessa Matthews,Pamela Stuart",Documentation,2024-06-23,165
25,syndicate front-end deliverables,"Curtis Esparza,Amanda Brewer",Documentation,2024-08-19,101
26,exploit dot-com solutions,"Victoria Ortiz,Kelly Larson",Feature,2024-11-10,151
27,optimize enterprise schemas,Mary Mills,Feature,2024-02-09,222
28,enhance frictionless interfaces,"Joe Anderson,Nicolas Evans",Feature,2024-06-19,107
29,cultivate strategic web services,"Isabella Williams,Melissa James DVM",Documentation,2024-04-26,254
30,evolve impactful e-services,"Brandon Adams DDS,Alejandra Carroll",Documentation,2024-07-02,88
31,incubate frictionless e-tailers,"Curtis Esparza,Allison Perez",Bug,2024-03-21,39
32,deploy open-source infrastructures,Brian Dodson,Bug,2024-03-11,23
33,orchestrate revolutionary methodologies,"Joseph Moore,Jason Rhodes",Documentation,2024-05-19,156
34,deliver B2B mindshare,"Mary Perez,Brandon Adams DDS",Feature,2024-07-11,83
35,syndicate dynamic e-business,"Michael Alvarado,Mrs. Christine Farmer",Feature,2024-06-19,107
36,utilize out-of-the-box e-markets,"Stephanie Thomas,Isabella Williams,Mary Perez",Bug,2024-04-10,24
37,deploy granular supply-chains,Allison Perez,Documentation,2024-03-10,155
38,productize dot-com models,"Melissa James DVM,Jerry Ruiz,Andrea Roberts",Bug,2024-06-22,34
39,re-intermediate global deliverables,"Michael Alvarado,Ruben Myers,Joshua Browning",Bug,2024-07-07,23
40,envisioneer holistic action-items,"Mary Mills,Carol Shelton",Spike,2024-08-02,201
41,engage granular architectures,"Cory Richardson,Mario Hernandez",Spike,2024-01-25,140
42,unleash scalable methodologies,"Victoria Ortiz,Mary Perez",Spike,2024-03-29,240
43,streamline global action-items,"Alexis Baker,Kelly Larson,Nicolas Evans",Feature,2024-05-10,190
44,embrace viral deliverables,Vanessa Matthews,Documentation,2024-07-14,154
45,disintermediate next-generation platforms,"Joe Anderson,Erin Fox,Mrs. Christine Farmer",Documentation,2024-11-14,149
46,re-intermediate killer functionalities,"Erin Fox,Andrea Roberts",Documentation,2024-10-12,160
47,morph holistic communities,Traci Woods,Documentation,2024-08-12,116
48,seize holistic niches,Mario Hernandez,Spike,2024-12-14,142
49,grow scalable technologies,Curtis Esparza,Feature,2024-11-29,212
50,enable cross-media action-items,Carol Shelton,Feature,2024-12-06,216
51,harness distributed e-services,Benjamin Collins,Spike,2024-11-22,39
52,re-contextualize global e-services,Ruben Myers,Feature,2024-05-28,122
53,redefine cutting-edge web-readiness,"Nicolas Evans,Jerry Ruiz,Benjamin Collins",Spike,2024-03-11,82
54,monetize mission-critical architectures,Melody Chandler,Documentation,2024-05-08,105
55,incubate out-of-the-box applications,Hayley Jones,Spike,2024-10-16,114
56,streamline B2C mindshare,"Derek Harrison,Carol Shelton",Documentation,2024-03-27,116
57,grow e-business initiatives,Ruben Myers,Documentation,2024-01-18,130
58,cultivate back-end communities,"Mary Mills,Alexis Baker,Kelly Larson",Bug,2024-02-12,21
59,incubate dynamic experiences,"Hayley Jones,Amanda Brewer",Spike,2024-03-16,152
60,exploit visionary vortals,"Thomas Zhang,Hayley Jones",Bug,2024-11-29,46
61,e-enable strategic channels,"Traci Woods,Pamela Stuart,Brian Dodson",Spike,2024-02-10,149
62,expedite viral systems,Melody Chandler,Spike,2024-12-27,203
63,empower front-end synergies,"Brian Dodson,Brandon Adams DDS,Joe Anderson",Bug,2024-12-30,13
64,transition interactive e-business,"Ruben Myers,Nicolas Evans,Valerie Sanchez",Bug,2024-10-06,22
65,strategize leading-edge mindshare,Mario Hernandez,Spike,2024-10-06,157
66,synthesize visionary functionalities,Kristy Cummings,Feature,2024-09-15,149
67,benchmark back-end schemas,"Melody Chandler,Cory Richardson,Isabella Williams",Documentation,2024-11-24,149
68,exploit intuitive networks,"Stephanie Thomas,Alexis Baker,Vanessa Matthews",Bug,2024-01-24,15
69,engage scalable models,"Traci Woods,Kelly Larson,Michael Alvarado",Documentation,2024-10-22,150
70,matrix vertical e-business,"Benjamin Collins,Michael Alvarado,Pamela Stuart",Feature,2024-11-22,171
71,engineer interactive technologies,"Cory Richardson,Victoria Ortiz,Brian Dodson",Feature,2024-04-18,128
72,transform best-of-breed communities,"Melissa James DVM,Alejandra Carroll",Feature,2024-12-24,144
73,evolve impactful e-commerce,Erin Fox,Bug,2024-10-15,21
74,innovate efficient relationships,"Margaret Jackson,Mrs. Christine Farmer,Alexis Baker",Feature,2024-11-13,109
75,whiteboard compelling supply-chains,"Richard Coleman,Mrs. Christine Farmer,Ruben Myers",Bug,2024-12-06,37
76,scale bricks-and-clicks users,"Richard Coleman,Mario Hernandez,Kristy Cummings",Feature,2024-11-12,155
77,iterate front-end vortals,"Mrs. Christine Farmer,Brian Dodson,Ashley Thomas",Documentation,2024-12-14,152
78,revolutionize turn-key portals,"Mary Mills,Tara Young,Alexis Baker",Documentation,2024-01-27,165
79,extend transparent supply-chains,"Brian Dodson,Alexis Baker",Spike,2024-05-05,149
80,morph bricks-and-clicks vortals,"Mrs. Christine Farmer,Kristy Cummings,Margaret Jackson",Documentation,2024-11-11,116
81,envisioneer synergistic solutions,"Pamela Stuart,Jerry Ruiz",Spike,2024-06-18,143
82,matrix wireless systems,"Richard Coleman,Donna Garza,Amanda Brewer",Documentation,2024-02-16,205
83,iterate bricks-and-clicks deliverables,"Erin Fox,Jason Rhodes,Melissa James DVM",Bug,2024-12-08,35
84,unleash visionary mindshare,"Erin Fox,Carol Shelton",Documentation,2024-06-29,165
85,iterate world-class eyeballs,Mary Mills,Spike,2024-12-30,119
86,visualize turn-key web-readiness,Nicolas Evans,Spike,2024-03-13,114
87,visualize open-source platforms,Jason Rhodes,Feature,2024-05-01,104
88,productize ubiquitous platforms,Kelly Larson,Bug,2024-12-18,28
89,deliver leading-edge experiences,"Allison Perez,Brandon Adams DDS",Documentation,2024-07-04,92
90,target compelling functionalities,"Pamela Stuart,Ashley Thomas",Feature,2024-11-19,174
91,envisioneer collaborative web services,"Kristy Cummings,Thomas Zhang",Documentation,2024-11-14,136
92,facilitate clicks-and-mortar content,"Thomas Zhang,Angelica Williams",Documentation,2024-03-22,241
93,reinvent web-enabled e-commerce,"Richard Coleman,Tara Young,Derek Harrison",Feature,2024-01-30,157
94,morph back-end infrastructures,"Stephanie Thomas,Isabella Williams",Feature,2024-10-07,109
95,evolve cutting-edge mindshare,"Vanessa Matthews,Melissa James DVM,Kristy Cummings",Feature,2024-04-30,166
96,engineer seamless architectures,"Erin Fox,Jerry Ruiz",Feature,2024-12-18,116
97,incubate enterprise interfaces,Mary Perez,Feature,2024-12-20,208
98,architect clicks-and-mortar portals,Kendra Price,Documentation,2024-04-15,111
99,synergize out-of-the-box technologies,"Jason Rhodes,Stephanie Thomas,Joe Anderson",Feature,2024-11-07,139
100,target synergistic experiences,"Mary Mills,Mario Hernandez,Ashley Thomas",Bug,2024-05-09,27
101,incubate turn-key e-markets,"Kendra Price,Donna Garza,Brian Dodson",Spike,2024-07-23,158
102,incubate compelling interfaces,"Michael Alvarado,Kristy Cummings",Feature,2024-02-22,162
103,transition intuitive solutions,Leslie Morris,Feature,2024-10-23,114
104,reinvent plug-and-play convergence,Michael Mitchell,Documentation,2024-10-05,141
105,strategize cross-media e-tailers,"Carol Shelton,Matthew Lewis,Traci Woods",Feature,2024-07-07,155
106,matrix end-to-end architectures,Donna Garza,Feature,2024-08-02,238
107,maximize revolutionary schemas,"Erin Fox,Carol Shelton,Mario Hernandez",Feature,2024-01-31,95
108,reinvent enterprise networks,"Ashley Thomas,Benjamin Collins",Documentation,2024-09-14,88
109,brand bricks-and-clicks info-mediaries,"Andrea Roberts,Vanessa Matthews",Feature,2024-02-29,148
110,deliver value-added solutions,"Vanessa Matthews,Dawn Johnston,Melody Chandler",Spike,2024-03-18,121
111,unleash viral bandwidth,"Jerry Ruiz,Brandon Adams DDS,Andrea Roberts",Documentation,2024-01-23,112
112,scale innovative e-tailers,"Amanda Brewer,Richard Coleman,Tara Young",Spike,2024-07-03,117
113,synergize end-to-end paradigms,Margaret Jackson,Documentation,2024-02-04,144
114,deploy strategic niches,Michael Mitchell,Feature,2024-01-01,113
115,re-intermediate wireless schemas,Mario Hernandez,Spike,2024-04-14,161
116,engineer innovative synergies,Jason Rhodes,Documentation,2024-06-24,112
117,utilize best-of-breed deliverables,"Melody Chandler,Mario Hernandez,Benjamin Collins",Bug,2024-02-18,22
118,generate seamless platforms,Vanessa Matthews,Feature,2024-06-16,132
119,orchestrate scalable convergence,"Amanda Brewer,Erin Fox",Documentation,2024-11-13,112
120,synthesize user-centric e-tailers,Allison Perez,Bug,2024-09-27,27
121,disintermediate cutting-edge initiatives,"Brandon Adams DDS,Erin Fox,Allison Perez",Documentation,2024-06-06,104
122,e-enable robust functionalities,"Mrs. Christine Farmer,Allison Perez,Brandon Adams DDS",Bug,2024-01-21,22
123,evolve seamless e-markets,Kelly Larson,Feature,2024-04-14,159
124,empower seamless e-services,"Benjamin Collins,Alejandra Carroll,Jerry Ruiz",Spike,2024-10-16,75
125,maximize efficient eyeballs,"Nicolas Evans,Isabella Williams",Bug,2024-04-30,32
126,generate next-generation schemas,Stephanie Thomas,Documentation,2024-07-10,126
127,deploy vertical interfaces,"Andrea Roberts,Pamela Stuart",Feature,2024-08-16,213
128,strategize enterprise technologies,"Tara Young,Erin Fox,Pamela Stuart",Bug,2024-06-29,21
129,utilize front-end eyeballs,"Ashley Thomas,Alejandra Carroll",Documentation,2024-12-17,153
130,leverage bricks-and-clicks users,"Carol Shelton,Jerry Ruiz",Documentation,2024-08-12,102
131,envisioneer proactive e-tailers,"Traci Woods,Thomas Zhang",Documentation,2024-08-21,105
132,facilitate wireless methodologies,"Alejandra Carroll,Ruben Myers,Nicholas Moore",Bug,2024-09-22,36
133,e-enable impactful mindshare,"Stephanie Thomas,Richard Coleman",Bug,2024-12-11,31
134,re-intermediate wireless markets,Derek Harrison,Bug,2024-11-09,24
135,mesh extensible systems,"Mary Mills,Andrea Roberts",Spike,2024-12-30,106
136,harness e-business content,Mario Hernandez,Bug,2024-08-05,21
137,repurpose extensible synergies,"Pamela Stuart,Vanessa Matthews,Alejandra Carroll",Bug,2024-07-29,20
138,drive 24/7 info-mediaries,"Mary Perez,Joe Anderson",Bug,2024-04-08,31
139,engage synergistic e-tailers,"Alejandra Carroll,Mrs. Christine Farmer",Spike,2024-04-18,144
140,enable e-business convergence,"Kristy Cummings,Allison Perez,Andrea Roberts",Bug,2024-12-10,28
141,engineer B2C web-readiness,"Valerie Sanchez,Jason Rhodes",Documentation,2024-09-09,127
142,reinvent granular e-commerce,"Matthew Lewis,Mrs. Christine Farmer,Benjamin Collins",Bug,2024-01-12,36
143,facilitate rich content,"Benjamin Collins,Andrea Roberts",Documentation,2024-04-27,94
144,engage visionary e-commerce,"Richard Coleman,Mary Perez",Documentation,2024-03-28,139
145,empower one-to-one e-business,"Pamela Stuart,Margaret Jackson",Documentation,2024-12-09,108
146,redefine rich functionalities,"Isabella Williams,Benjamin Collins,Margaret Jackson",Spike,2024-07-27,99
147,utilize innovative infrastructures,"Margaret Jackson,Benjamin Collins",Spike,2024-05-09,93
148,extend user-centric markets,"Mary Perez,Nicholas Moore",Spike,2024-11-24,165
149,engineer B2C networks,Donna Garza,Bug,2024-07-01,20
150,morph clicks-and-mortar eyeballs,Michael Mitchell,Documentation,2024-03-23,146
151,engineer proactive e-commerce,Mary Perez,Spike,2024-09-10,146
152,streamline web-enabled users,"Tara Young,Dawn Johnston",Spike,2024-01-05,197
153,innovate magnetic channels,Tara Young,Bug,2024-10-29,26
154,redefine leading-edge partnerships,"Curtis Esparza,Richard Coleman",Spike,2024-01-24,119
155,enhance proactive e-markets,"Angelica Williams,Mario Hernandez",Bug,2024-04-30,25
156,redefine dot-com networks,Mary Perez,Feature,2024-04-04,151
157,brand web-enabled e-commerce,"Isabella Williams,Joe Anderson,Melissa James DVM",Spike,2024-08-11,134
158,aggregate B2C experiences,"Traci Woods,Donna Garza",Feature,2024-08-26,111
159,cultivate 24/365 methodologies,"Valerie Sanchez,Curtis Esparza,Nicholas Moore",Bug,2024-08-14,20
160,strategize strategic ROI,"Jerry Ruiz,Benjamin Collins,Andrea Roberts",Documentation,2024-05-21,98
161,engage world-class networks,"Alexis Baker,Curtis Esparza",Spike,2024-02-20,159
162,iterate cross-platform schemas,"Jerry Ruiz,Valerie Sanchez",Bug,2024-05-24,53
163,enable intuitive bandwidth,"Andrea Roberts,Valerie Sanchez",Documentation,2024-12-03,138
164,aggregate B2B synergies,Leslie Morris,Documentation,2024-11-23,147
165,revolutionize dot-com e-services,Isabella Williams,Feature,2024-11-02,151
166,exploit cutting-edge systems,"Joshua Browning,Alexis Baker",Bug,2024-02-21,8
167,visualize transparent web services,"Nicholas Moore,Vanessa Matthews",Documentation,2024-01-12,200
168,streamline out-of-the-box action-items,Matthew Lewis,Spike,2024-12-02,124
169,drive ubiquitous vortals,"Erin Fox,Carol Shelton",Spike,2024-04-04,137
170,re-contextualize synergistic bandwidth,"Melissa James DVM,Mrs. Christine Farmer,Michael Mitchell",Feature,2024-05-08,124
171,strategize strategic e-business,"Hayley Jones,Matthew Lewis,Benjamin Collins",Documentation,2024-01-11,97
172,innovate value-added e-commerce,"Margaret Jackson,Nicolas Evans",Bug,2024-09-28,34
173,seize bricks-and-clicks infrastructures,Valerie Sanchez,Spike,2024-12-22,146
174,incentivize strategic users,Allison Perez,Documentation,2024-04-01,111
175,leverage web-enabled metrics,"Erin Fox,Alexis Baker",Documentation,2024-01-09,172
176,matrix back-end supply-chains,"Joseph Moore,Tara Young",Feature,2024-05-02,135
177,engineer integrated action-items,"Kelly Larson,Alejandra Carroll,Jason Rhodes",Spike,2024-09-20,236
178,innovate B2B paradigms,"Hayley Jones,Alejandra Carroll",Spike,2024-10-07,117
179,engage 24/365 platforms,"Stephanie Thomas,Isabella Williams",Bug,2024-04-28,50
180,leverage turn-key interfaces,"Derek Harrison,Alexis Baker,Dawn Johnston",Spike,2024-07-08,103
181,deploy ubiquitous web services,Angelica Williams,Bug,2024-10-05,26
182,harness next-generation e-commerce,Brandon Adams DDS,Spike,2024-10-26,27
183,utilize dot-com functionalities,"Benjamin Collins,Allison Perez,Ruben Myers",Feature,2024-02-25,107
184,cultivate front-end experiences,Victoria Ortiz,Spike,2024-07-14,144
185,transform dot-com channels,"Carol Shelton,Alexis Baker",Bug,2024-01-23,36
186,syndicate turn-key users,Thomas Zhang,Bug,2024-09-21,28
187,harness real-time partnerships,"Erin Fox,Melody Chandler",Feature,2024-09-01,139
188,aggregate compelling niches,"Carol Shelton,Alejandra Carroll,Stephanie Thomas",Spike,2024-09-16,119
189,deploy leading-edge ROI,Jason Rhodes,Spike,2024-08-18,155
190,syndicate cross-media users,"Thomas Zhang,Richard Coleman,Leslie Morris",Feature,2024-07-28,146
191,reinvent distributed portals,"Vanessa Matthews,Ashley Thomas",Spike,2024-06-10,109
192,reinvent bleeding-edge content,"Hayley Jones,Margaret Jackson,Angelica Williams",Spike,2024-12-19,139
193,maximize extensible e-services,"Leslie Morris,Alejandra Carroll,Kristy Cummings",Bug,2024-06-18,34
194,scale collaborative schemas,Matthew Lewis,Spike,2024-12-04,109
195,expedite vertical deliverables,"Mary Perez,Carol Shelton",Spike,2024-10-16,106
196,aggregate enterprise applications,"Alexis Baker,Joe Anderson,Stephanie Thomas",Feature,2024-08-14,101
197,architect proactive portals,"Angelica Williams,Ruben Myers,Mario Hernandez",Feature,2024-12-26,155
198,transition robust partnerships,"Margaret Jackson,Cory Richardson,Erin Fox",Documentation,2024-12-28,144
199,optimize frictionless systems,Melody Chandler,Bug,2024-02-12,13
200,mesh interactive synergies,"Melody Chandler,Michael Mitchell",Spike,2024-07-13,136
201,transform leading-edge interfaces,"Benjamin Collins,Pamela Stuart",Spike,2024-01-12,129
202,reinvent plug-and-play models,"Cory Richardson,Derek Harrison,Pamela Stuart",Documentation,2024-09-28,148
203,utilize user-centric partnerships,Victoria Ortiz,Spike,2024-03-02,147
204,unleash frictionless technologies,"Stephanie Thomas,Valerie Sanchez,Allison Perez",Bug,2024-01-17,21
205,matrix cross-media platforms,"Benjamin Collins,Brandon Adams DDS",Documentation,2024-09-27,33
206,scale extensible niches,"Cory Richardson,Joshua Browning",Bug,2024-01-26,22
207,morph strategic bandwidth,Jason Rhodes,Documentation,2024-02-14,123
208,re-intermediate frictionless vortals,"Alexis Baker,Brian Dodson",Documentation,2024-05-24,244
209,facilitate killer communities,"Joe Anderson,Erin Fox",Feature,2024-03-05,157
210,transition turn-key initiatives,Joshua Browning,Bug,2024-12-15,5
211,expedite innovative info-mediaries,Kristy Cummings,Spike,2024-10-12,161
212,mesh e-business systems,"Donna Garza,Kristy Cummings,Kendra Price",Spike,2024-03-08,205
213,productize impactful models,"Hayley Jones,Melissa James DVM",Bug,2024-12-27,45
214,productize open-source action-items,Donna Garza,Spike,2024-10-26,137
215,transition dot-com partnerships,"Mario Hernandez,Ruben Myers",Spike,2024-04-05,205
216,envisioneer mission-critical ROI,Michael Alvarado,Bug,2024-02-29,32
217,whiteboard mission-critical markets,"Richard Coleman,Joshua Browning",Documentation,2024-09-13,141
218,enable distributed convergence,Andrea Roberts,Bug,2024-01-19,43
219,embrace impactful initiatives,"Michael Alvarado,Kendra Price",Documentation,2024-02-02,255
220,enable impactful supply-chains,"Cory Richardson,Donna Garza",Spike,2024-03-31,153
221,architect extensible e-commerce,"Stephanie Thomas,Isabella Williams,Kelly Larson",Spike,2024-08-25,141
222,repurpose 24/365 channels,"Alejandra Carroll,Mary Perez,Michael Alvarado",Spike,2024-01-24,103
223,integrate collaborative functionalities,"Mario Hernandez,Ashley Thomas",Feature,2024-08-14,122
224,exploit robust solutions,"Cory Richardson,Erin Fox",Documentation,2024-12-04,114
225,envisioneer granular applications,"Donna Garza,Alejandra Carroll,Dawn Johnston",Feature,2024-09-21,158
226,architect collaborative markets,"Ruben Myers,Stephanie Thomas,Nicholas Moore",Feature,2024-01-06,118
227,harness ubiquitous experiences,Kelly Larson,Bug,2024-02-27,31
228,leverage dynamic experiences,Victoria Ortiz,Feature,2024-04-09,144
229,transition efficient web-readiness,"Isabella Williams,Victoria Ortiz,Carol Shelton",Bug,2024-05-01,16
230,re-intermediate plug-and-play convergence,Isabella Williams,Bug,2024-12-22,30
231,architect enterprise architectures,"Melissa James DVM,Nicolas Evans",Feature,2024-06-05,122
232,grow dot-com content,"Brian Dodson,Donna Garza",Documentation,2024-07-19,266
233,whiteboard seamless portals,"Joseph Moore,Michael Mitchell",Documentation,2024-08-12,115
234,empower bleeding-edge e-commerce,Joe Anderson,Documentation,2024-09-23,106
235,strategize synergistic action-items,"Traci Woods,Kendra Price,Vanessa Matthews",Documentation,2024-05-30,141
236,architect transparent web services,"Melissa James DVM,Ashley Thomas",Documentation,2024-09-13,242
237,incubate strategic networks,Joseph Moore,Feature,2024-03-21,138
238,iterate 24/7 convergence,"Mrs. Christine Farmer,Allison Perez,Nicolas Evans",Feature,2024-12-31,157
239,drive revolutionary solutions,"Carol Shelton,Isabella Williams,Richard Coleman",Spike,2024-04-09,154
240,enable compelling portals,"Melody Chandler,Alejandra Carroll",Documentation,2024-04-14,152
241,architect world-class e-commerce,"Alejandra Carroll,Joe Anderson",Feature,2024-09-08,131
242,cultivate scalable eyeballs,"Alexis Baker,Thomas Zhang,Melody Chandler",Spike,2024-05-12,146
243,embrace bleeding-edge infrastructures,"Angelica Williams,Alejandra Carroll",Documentation,2024-04-08,99
244,re-contextualize enterprise channels,"Isabella Williams,Melissa James DVM",Bug,2024-06-26,20
245,visualize magnetic technologies,Traci Woods,Spike,2024-09-21,161
246,syndicate cross-platform mindshare,"Traci Woods,Thomas Zhang,Melissa James DVM",Feature,2024-05-11,165
247,iterate back-end technologies,"Vanessa Matthews,Ruben Myers",Bug,2024-07-17,23
248,expedite interactive niches,"Kelly Larson,Kendra Price",Bug,2024-07-11,27
249,scale distributed schemas,"Michael Mitchell,Thomas Zhang",Bug,2024-07-26,59
250,unleash real-time relationships,"Carol Shelton,Stephanie Thomas,Jerry Ruiz",Spike,2024-02-26,107
251,exploit vertical relationships,"Melissa James DVM,Kristy Cummings",Feature,2024-09-18,102
252,streamline plug-and-play markets,"Margaret Jackson,Victoria Ortiz",Bug,2024-08-17,34
253,expedite real-time vortals,"Hayley Jones,Donna Garza",Documentation,2024-05-21,155
254,engage cross-platform content,"Angelica Williams,Mrs. Christine Farmer,Brian Dodson",Bug,2024-03-03,27
255,iterate leading-edge synergies,"Alejandra Carroll,Derek Harrison,Thomas Zhang",Bug,2024-04-27,31
256,grow compelling interfaces,Isabella Williams,Spike,2024-11-16,155
257,redefine wireless deliverables,Mary Perez,Spike,2024-11-03,152
258,benchmark scalable networks,"Benjamin Collins,Kendra Price,Mary Mills",Feature,2024-11-16,112
259,morph seamless e-services,Margaret Jackson,Documentation,2024-09-01,144
260,visualize one-to-one interfaces,Hayley Jones,Spike,2024-12-21,156
261,whiteboard enterprise eyeballs,Kendra Price,Bug,2024-05-15,23
262,brand vertical eyeballs,"Michael Alvarado,Mary Mills",Feature,2024-04-05,217
263,leverage next-generation initiatives,Victoria Ortiz,Bug,2024-08-12,21
264,iterate one-to-one experiences,"Mrs. Christine Farmer,Leslie Morris",Bug,2024-01-08,22
265,exploit real-time channels,"Michael Mitchell,Amanda Brewer,Victoria Ortiz",Spike,2024-01-14,133
266,engage bricks-and-clicks e-tailers,Joseph Moore,Feature,2024-01-24,107
267,seize sticky supply-chains,"Mario Hernandez,Melody Chandler",Documentation,2024-07-10,113
268,utilize best-of-breed models,Thomas Zhang,Documentation,2024-08-28,100
269,brand open-source e-services,"Melody Chandler,Alejandra Carroll,Mary Mills",Spike,2024-12-14,143
270,repurpose front-end metrics,"Andrea Roberts,Nicolas Evans",Spike,2024-01-25,179
271,deploy plug-and-play metrics,"Andrea Roberts,Matthew Lewis",Feature,2024-05-08,102
272,whiteboard cutting-edge e-markets,"Amanda Brewer,Leslie Morris,Brian Dodson",Documentation,2024-03-27,109
273,morph robust functionalities,"Stephanie Thomas,Leslie Morris",Documentation,2024-08-20,140
274,transition cutting-edge channels,"Allison Perez,Dawn Johnston,Tara Young",Documentation,2024-10-15,149
275,evolve best-of-breed e-markets,"Mario Hernandez,Kelly Larson",Bug,2024-02-25,25
276,orchestrate dot-com solutions,"Leslie Morris,Melody Chandler",Documentation,2024-07-08,110
277,utilize robust e-business,Melody Chandler,Bug,2024-01-28,26
278,architect open-source applications,"Victoria Ortiz,Mary Perez,Pamela Stuart",Feature,2024-01-29,122
279,morph dot-com architectures,"Amanda Brewer,Michael Mitchell",Bug,2024-10-05,30
280,whiteboard B2B functionalities,"Alejandra Carroll,Kelly Larson",Feature,2024-06-20,138
281,envisioneer next-generation interfaces,"Brian Dodson,Melody Chandler",Documentation,2024-02-07,120
282,unleash frictionless convergence,"Alejandra Carroll,Hayley Jones",Documentation,2024-10-25,208
283,redefine impactful ROI,"Matthew Lewis,Erin Fox,Melody Chandler",Feature,2024-09-22,131
284,streamline mission-critical platforms,"Margaret Jackson,Jerry Ruiz",Spike,2024-01-27,150
285,engage frictionless web-readiness,"Isabella Williams,Donna Garza,Jason Rhodes",Feature,2024-05-15,130
286,streamline visionary schemas,Kristy Cummings,Spike,2024-08-23,192
287,architect innovative vortals,"Andrea Roberts,Brian Dodson,Michael Alvarado",Bug,2024-09-01,22
288,implement next-generation metrics,Nicholas Moore,Bug,2024-03-25,26
289,syndicate leading-edge functionalities,"Melissa James DVM,Derek Harrison",Bug,2024-01-13,26
290,grow intuitive solutions,"Jerry Ruiz,Kelly Larson,Joseph Moore",Documentation,2024-02-27,157
291,disintermediate user-centric solutions,"Mary Mills,Traci Woods,Margaret Jackson",Bug,2024-09-15,25
292,embrace dot-com convergence,Leslie Morris,Spike,2024-04-09,152
293,mesh mission-critical networks,"Nicholas Moore,Angelica Williams,Margaret Jackson",Bug,2024-04-13,40
294,seize open-source users,"Amanda Brewer,Margaret Jackson,Benjamin Collins",Feature,2024-09-17,98
295,implement dynamic bandwidth,"Matthew Lewis,Melody Chandler",Feature,2024-10-04,243
296,monetize bleeding-edge experiences,"Melody Chandler,Mary Perez",Documentation,2024-03-06,119
297,generate cross-platform solutions,"Joseph Moore,Alexis Baker,Michael Alvarado",Feature,2024-03-29,198
298,productize front-end networks,"Victoria Ortiz,Margaret Jackson,Mary Perez",Spike,2024-10-22,157
299,transform value-added models,"Kendra Price,Derek Harrison",Bug,2024-03-28,30
300,reinvent value-added systems,"Joseph Moore,Melissa James DVM",Documentation,2024-01-05,227
301,reinvent global paradigms,Melissa James DVM,Bug,2024-05-23,32
302,expedite 24/365 initiatives,"Kristy Cummings,Mrs. Christine Farmer,Melody Chandler",Bug,2024-04-26,42
303,drive viral vortals,Mary Perez,Spike,2024-09-27,226
304,facilitate sticky e-tailers,"Pamela Stuart,Leslie Morris,Mary Perez",Feature,2024-07-23,153
305,transition sticky paradigms,"Joseph Moore,Allison Perez",Feature,2024-03-15,238
306,incentivize bleeding-edge eyeballs,"Ruben Myers,Tara Young,Pamela Stuart",Bug,2024-03-20,16
307,streamline best-of-breed vortals,Kendra Price,Documentation,2024-01-18,165
308,synergize next-generation niches,Donna Garza,Feature,2024-08-04,136
309,synthesize virtual technologies,"Victoria Ortiz,Michael Alvarado",Documentation,2024-04-11,159
310,leverage wireless users,"Pamela Stuart,Curtis Esparza",Feature,2024-05-11,151
311,facilitate B2B vortals,Ashley Thomas,Documentation,2024-11-04,101
312,mesh clicks-and-mortar portals,Matthew Lewis,Spike,2024-02-27,156
313,maximize web-enabled convergence,Kendra Price,Documentation,2024-04-21,139
314,iterate collaborative e-tailers,"Leslie Morris,Joshua Browning,Isabella Williams",Spike,2024-03-25,88
315,repurpose best-of-breed action-items,"Erin Fox,Benjamin Collins",Spike,2024-11-26,83
316,repurpose bleeding-edge interfaces,"Andrea Roberts,Margaret Jackson",Documentation,2024-11-09,132
317,utilize rich supply-chains,"Joshua Browning,Benjamin Collins",Spike,2024-04-25,28
318,deliver extensible markets,"Joshua Browning,Victoria Ortiz",Bug,2024-11-10,18
319,facilitate end-to-end e-markets,Joshua Browning,Spike,2024-06-10,20
320,harness 24/365 models,"Joe Anderson,Jerry Ruiz,Joseph Moore",Feature,2024-10-12,140
321,repurpose synergistic interfaces,Matthew Lewis,Documentation,2024-11-19,127
322,re-intermediate granular e-commerce,Matthew Lewis,Bug,2024-07-24,30
323,deploy bleeding-edge e-business,"Jerry Ruiz,Alexis Baker,Kelly Larson",Documentation,2024-11-26,150
324,synergize innovative vortals,Stephanie Thomas,Feature,2024-03-08,234
325,unleash cutting-edge niches,"Andrea Roberts,Derek Harrison",Feature,2024-09-04,118
326,matrix end-to-end vortals,"Isabella Williams,Mrs. Christine Farmer,Allison Perez",Feature,2024-02-26,109
327,envisioneer front-end e-markets,"Andrea Roberts,Vanessa Matthews",Spike,2024-06-13,153
328,embrace front-end e-business,"Brian Dodson,Leslie Morris,Michael Alvarado",Spike,2024-06-14,254
329,synergize synergistic models,"Erin Fox,Traci Woods",Documentation,2024-10-23,112
330,deliver back-end technologies,Kristy Cummings,Documentation,2024-01-04,161
331,embrace proactive web-readiness,Traci Woods,Bug,2024-10-21,14
332,syndicate impactful web services,"Donna Garza,Thomas Zhang,Carol Shelton",Bug,2024-12-30,28
333,facilitate granular architectures,"Donna Garza,Victoria Ortiz,Matthew Lewis",Documentation,2024-04-15,99
334,cultivate rich networks,"Melissa James DVM,Alexis Baker,Jerry Ruiz",Spike,2024-04-17,122
335,implement granular communities,"Jason Rhodes,Traci Woods,Erin Fox",Feature,2024-06-18,155
336,architect next-generation partnerships,"Hayley Jones,Curtis Esparza,Melody Chandler",Documentation,2024-09-23,112
337,extend integrated applications,"Andrea Roberts,Benjamin Collins,Kelly Larson",Bug,2024-09-23,16
338,mesh global paradigms,"Nicolas Evans,Joe Anderson",Spike,2024-02-23,220
339,synthesize scalable metrics,"Allison Perez,Victoria Ortiz,Joe Anderson",Documentation,2024-06-14,210
340,transform frictionless synergies,"Melody Chandler,Alejandra Carroll",Documentation,2024-09-10,148
341,incubate front-end e-commerce,"Donna Garza,Michael Alvarado,Dawn Johnston",Spike,2024-10-02,132
342,synthesize proactive eyeballs,"Angelica Williams,Tara Young,Richard Coleman",Documentation,2024-06-02,166
343,benchmark B2B interfaces,"Ruben Myers,Alejandra Carroll,Michael Mitchell",Spike,2024-05-07,140
344,engage world-class models,"Kristy Cummings,Thomas Zhang,Brian Dodson",Feature,2024-03-16,153
345,extend out-of-the-box niches,Alexis Baker,Spike,2024-08-08,151
346,envisioneer seamless networks,"Mary Mills,Valerie Sanchez,Pamela Stuart",Spike,2024-09-26,148
347,extend enterprise action-items,Allison Perez,Spike,2024-05-02,138
348,deliver intuitive technologies,Curtis Esparza,Documentation,2024-01-25,155
349,enable out-of-the-box interfaces,"Margaret Jackson,Mrs. Christine Farmer,Kristy Cummings",Documentation,2024-04-15,120
350,exploit vertical convergence,Alexis Baker,Spike,2024-04-15,105
351,leverage clicks-and-mortar models,"Allison Perez,Andrea Roberts,Mary Perez",Documentation,2024-04-12,260
352,visualize viral users,"Hayley Jones,Traci Woods,Dawn Johnston",Bug,2024-09-22,39
353,syndicate ubiquitous ROI,"Erin Fox,Dawn Johnston,Donna Garza",Bug,2024-01-14,33
354,streamline enterprise networks,Thomas Zhang,Documentation,2024-05-12,135
355,scale sticky metrics,"Michael Mitchell,Melody Chandler",Documentation,2024-01-22,116
356,mesh cross-media web services,"Richard Coleman,Benjamin Collins",Spike,2024-03-15,134
357,transition scalable experiences,"Richard Coleman,Traci Woods",Feature,2024-10-11,234
358,evolve value-added action-items,"Donna Garza,Joe Anderson,Thomas Zhang",Documentation,2024-08-31,169
359,envisioneer strategic functionalities,"Melody Chandler,Kelly Larson",Bug,2024-09-12,29
360,expedite back-end niches,"Traci Woods,Stephanie Thomas",Spike,2024-05-25,175
361,disintermediate synergistic content,Angelica Williams,Documentation,2024-07-30,155
362,productize viral metrics,"Joshua Browning,Jerry Ruiz,Mary Perez",Bug,2024-09-05,20
363,optimize turn-key metrics,"Stephanie Thomas,Matthew Lewis",Bug,2024-02-04,44
364,transform sticky applications,"Ruben Myers,Andrea Roberts",Feature,2024-11-22,240
365,facilitate customized networks,Derek Harrison,Spike,2024-09-09,108
366,enhance interactive web-readiness,"Mrs. Christine Farmer,Michael Alvarado",Spike,2024-12-15,151
367,incubate rich bandwidth,"Joe Anderson,Jason Rhodes,Alejandra Carroll",Feature,2024-09-16,118
368,unleash clicks-and-mortar synergies,"Michael Alvarado,Jerry Ruiz",Feature,2024-11-02,148
369,disintermediate scalable systems,Carol Shelton,Spike,2024-12-15,152
370,evolve integrated e-markets,"Nicholas Moore,Alexis Baker",Spike,2024-10-12,140
371,envisioneer synergistic metrics,"Andrea Roberts,Carol Shelton,Joshua Browning",Documentation,2024-12-15,94
372,engineer extensible convergence,"Jason Rhodes,Amanda Brewer",Documentation,2024-06-29,151
373,re-intermediate turn-key portals,"Amanda Brewer,Vanessa Matthews,Mary Perez",Feature,2024-07-28,152
374,expedite e-business bandwidth,"Andrea Roberts,Mary Mills,Brandon Adams DDS",Documentation,2024-04-19,169
375,harness cross-media models,"Melissa James DVM,Jerry Ruiz",Bug,2024-11-25,20
376,empower cross-media web services,Margaret Jackson,Documentation,2024-05-21,134
377,re-intermediate collaborative functionalities,"Margaret Jackson,Jerry Ruiz",Documentation,2024-06-12,104
378,embrace 24/7 applications,"Matthew Lewis,Alexis Baker",Bug,2024-03-27,27
379,optimize cross-media web-readiness,"Isabella Williams,Thomas Zhang",Feature,2024-05-19,142
380,synthesize B2C platforms,Tara Young,Bug,2024-11-27,21
381,streamline turn-key infrastructures,"Nicholas Moore,Mario Hernandez,Joseph Moore",Documentation,2024-06-10,110
382,productize clicks-and-mortar portals,"Mario Hernandez,Derek Harrison",Feature,2024-01-26,214
383,incentivize synergistic vortals,Dawn Johnston,Documentation,2024-05-13,106
384,iterate front-end channels,Mario Hernandez,Bug,2024-12-22,25
385,incubate end-to-end applications,Michael Mitchell,Bug,2024-04-24,29
386,empower ubiquitous info-mediaries,"Stephanie Thomas,Allison Perez",Documentation,2024-06-29,158
387,target cross-media partnerships,"Traci Woods,Victoria Ortiz",Spike,2024-12-27,247
388,aggregate mission-critical models,Kendra Price,Spike,2024-12-24,167
389,productize strategic systems,Curtis Esparza,Bug,2024-05-26,16
390,transition 24/365 platforms,"Vanessa Matthews,Allison Perez",Bug,2024-12-25,24
391,envisioneer 24/365 platforms,"Amanda Brewer,Joshua Browning",Spike,2024-08-02,125
392,aggregate killer experiences,"Nicolas Evans,Kelly Larson,Joe Anderson",Spike,2024-03-17,163
393,re-contextualize mission-critical e-tailers,"Kelly Larson,Vanessa Matthews,Mary Perez",Documentation,2024-04-04,141
394,enhance intuitive mindshare,"Ashley Thomas,Kendra Price,Joshua Browning",Documentation,2024-08-05,74
395,empower ubiquitous interfaces,Kristy Cummings,Spike,2024-12-28,133
396,facilitate dot-com schemas,"Jason Rhodes,Stephanie Thomas,Alexis Baker",Documentation,2024-02-21,110
397,harness web-enabled communities,Andrea Roberts,Documentation,2024-09-30,121
398,embrace cutting-edge channels,Jerry Ruiz,Feature,2024-06-23,153
399,e-enable proactive networks,Erin Fox,Documentation,2024-11-08,203
400,utilize collaborative channels,Amanda Brewer,Bug,2024-02-02,64
401,enhance robust portals,Mario Hernandez,Documentation,2024-12-25,118
402,orchestrate e-business paradigms,"Melody Chandler,Isabella Williams",Documentation,2024-05-11,159
403,brand e-business schemas,Alexis Baker,Spike,2024-10-01,165
404,embrace plug-and-play initiatives,Nicholas Moore,Bug,2024-01-07,20
405,harness collaborative platforms,"Jason Rhodes,Alexis Baker,Ashley Thomas",Documentation,2024-08-14,104
406,syndicate synergistic deliverables,"Alejandra Carroll,Michael Mitchell,Carol Shelton",Documentation,2024-09-11,120
407,embrace B2B eyeballs,"Curtis Esparza,Mrs. Christine Farmer",Feature,2024-10-08,140
408,facilitate rich infrastructures,"Melody Chandler,Kristy Cummings,Traci Woods",Documentation,2024-08-23,220
409,maximize dynamic vortals,Matthew Lewis,Documentation,2024-12-08,149
410,brand intuitive e-tailers,Derek Harrison,Feature,2024-12-19,135
411,target robust web-readiness,Brian Dodson,Spike,2024-07-02,146
412,engage customized infrastructures,"Traci Woods,Alexis Baker,Ruben Myers",Documentation,2024-07-17,121
413,enable customized web-readiness,"Hayley Jones,Cory Richardson",Feature,2024-07-21,159
414,evolve rich infrastructures,Richard Coleman,Bug,2024-05-15,28
415,facilitate compelling schemas,"Victoria Ortiz,Allison Perez,Nicholas Moore",Spike,2024-10-14,122
416,scale transparent supply-chains,"Valerie Sanchez,Dawn Johnston",Bug,2024-10-16,24
417,integrate rich e-commerce,Mary Mills,Bug,2024-05-25,32
418,enable B2C methodologies,"Benjamin Collins,Valerie Sanchez",Feature,2024-07-25,89
419,morph dynamic content,Valerie Sanchez,Documentation,2024-02-24,142
420,whiteboard proactive deliverables,Nicholas Moore,Feature,2024-10-25,206
421,productize user-centric markets,"Carol Shelton,Margaret Jackson,Alexis Baker",Feature,2024-09-06,213
422,deliver interactive ROI,"Ashley Thomas,Mary Mills,Curtis Esparza",Feature,2024-10-01,146
423,harness impactful solutions,"Brandon Adams DDS,Joshua Browning,Michael Mitchell",Feature,2024-07-23,63
424,disintermediate wireless relationships,"Valerie Sanchez,Stephanie Thomas",Spike,2024-11-08,232
425,deliver wireless infrastructures,"Leslie Morris,Nicholas Moore,Michael Alvarado",Documentation,2024-07-10,114
426,visualize open-source portals,"Brian Dodson,Stephanie Thomas",Bug,2024-12-01,32
427,brand collaborative content,"Michael Mitchell,Victoria Ortiz",Bug,2024-01-02,32
428,transition sticky applications,Pamela Stuart,Documentation,2024-07-03,123
429,embrace seamless web-readiness,Hayley Jones,Bug,2024-06-10,22
430,expedite ubiquitous solutions,"Thomas Zhang,Tara Young,Leslie Morris",Documentation,2024-02-18,162
431,repurpose seamless interfaces,"Angelica Williams,Nicolas Evans,Mary Perez",Bug,2024-03-30,33
432,re-contextualize front-end initiatives,Cory Richardson,Feature,2024-09-07,164
433,visualize transparent synergies,"Cory Richardson,Victoria Ortiz",Bug,2024-01-22,30
434,scale virtual communities,Mary Mills,Documentation,2024-07-30,157
435,synergize cross-platform systems,"Ashley Thomas,Brandon Adams DDS,Dawn Johnston",Documentation,2024-08-21,82
436,transition B2B e-business,"Thomas Zhang,Joseph Moore",Documentation,2024-06-20,151
437,leverage front-end applications,"Melissa James DVM,Mary Perez",Documentation,2024-03-31,144
438,drive world-class partnerships,Mario Hernandez,Documentation,2024-06-11,144
439,envisioneer scalable vortals,"Margaret Jackson,Ruben Myers",Spike,2024-10-11,241
440,deploy robust e-services,"Vanessa Matthews,Curtis Esparza,Leslie Morris",Spike,2024-01-06,138
441,deploy enterprise e-commerce,Pamela Stuart,Bug,2024-08-31,40
442,enhance best-of-breed e-business,"Margaret Jackson,Benjamin Collins",Documentation,2024-12-06,130
443,orchestrate real-time e-markets,"Allison Perez,Michael Mitchell,Margaret Jackson",Bug,2024-06-07,71
444,reinvent back-end partnerships,Thomas Zhang,Documentation,2024-05-02,142
445,transition revolutionary interfaces,Kelly Larson,Documentation,2024-12-25,115
446,re-contextualize seamless ROI,"Ashley Thomas,Carol Shelton,Michael Alvarado",Spike,2024-07-06,146
447,brand B2B deliverables,"Jason Rhodes,Pamela Stuart,Thomas Zhang",Spike,2024-01-14,140
448,expedite value-added markets,Nicholas Moore,Feature,2024-03-10,163
449,monetize end-to-end channels,"Traci Woods,Joe Anderson,Andrea Roberts",Spike,2024-05-18,137
450,architect end-to-end experiences,Michael Mitchell,Feature,2024-12-23,106
451,repurpose distributed functionalities,"Richard Coleman,Benjamin Collins",Feature,2024-11-20,69
452,incentivize granular users,Victoria Ortiz,Feature,2024-03-19,159
453,synthesize dynamic web services,"Nicolas Evans,Curtis Esparza,Thomas Zhang",Feature,2024-10-20,133
454,empower user-centric mindshare,"Nicolas Evans,Joe Anderson,Isabella Williams",Feature,2024-11-13,118
455,aggregate viral niches,Joseph Moore,Bug,2024-03-20,23
456,mesh 24/365 bandwidth,Valerie Sanchez,Spike,2024-05-25,139
457,strategize revolutionary infrastructures,"Benjamin Collins,Angelica Williams,Michael Alvarado",Feature,2024-08-12,76
458,extend robust interfaces,Isabella Williams,Documentation,2024-08-14,94
459,productize efficient metrics,Curtis Esparza,Spike,2024-06-28,256
460,exploit clicks-and-mortar partnerships,"Mary Mills,Dawn Johnston",Spike,2024-01-24,122
461,empower transparent partnerships,"Joseph Moore,Joshua Browning,Allison Perez",Feature,2024-04-08,73
462,maximize compelling infrastructures,"Jerry Ruiz,Derek Harrison,Dawn Johnston",Bug,2024-09-26,35
463,optimize back-end markets,"Ashley Thomas,Andrea Roberts",Feature,2024-04-03,107
464,enable next-generation schemas,"Alexis Baker,Derek Harrison,Mary Perez",Bug,2024-10-06,35
465,embrace holistic markets,"Erin Fox,Cory Richardson",Documentation,2024-09-25,108
466,incubate next-generation action-items,"Leslie Morris,Donna Garza,Traci Woods",Spike,2024-05-26,146
467,deliver interactive markets,"Joseph Moore,Curtis Esparza",Documentation,2024-10-11,220
468,drive 24/7 metrics,Stephanie Thomas,Bug,2024-01-22,20
469,orchestrate 24/7 web-readiness,"Curtis Esparza,Dawn Johnston",Bug,2024-01-02,38
470,grow clicks-and-mortar e-business,"Jerry Ruiz,Richard Coleman,Mary Perez",Documentation,2024-04-12,241
471,facilitate customized methodologies,"Joseph Moore,Benjamin Collins",Bug,2024-02-05,13
472,engage vertical technologies,"Cory Richardson,Leslie Morris,Michael Alvarado",Documentation,2024-10-20,162
473,drive granular vortals,"Kelly Larson,Benjamin Collins",Spike,2024-09-30,57
474,streamline world-class info-mediaries,"Erin Fox,Jason Rhodes",Documentation,2024-02-20,135
475,reinvent compelling niches,Leslie Morris,Spike,2024-05-22,117
476,morph open-source paradigms,"Jerry Ruiz,Alexis Baker",Documentation,2024-01-17,119
477,unleash scalable bandwidth,"Jerry Ruiz,Hayley Jones,Isabella Williams",Bug,2024-03-17,32
478,whiteboard strategic models,"Hayley Jones,Carol Shelton",Documentation,2024-10-04,191
479,repurpose compelling schemas,"Tara Young,Angelica Williams",Bug,2024-05-02,24
480,enhance extensible e-tailers,"Jerry Ruiz,Nicholas Moore",Documentation,2024-12-11,116
481,implement viral e-markets,Mario Hernandez,Documentation,2024-06-22,179
482,drive killer info-mediaries,"Jason Rhodes,Allison Perez",Feature,2024-05-11,165
483,transform transparent supply-chains,"Michael Alvarado,Alexis Baker",Bug,2024-09-19,39
484,engage magnetic applications,"Jason Rhodes,Alexis Baker",Feature,2024-09-27,231
485,enable enterprise experiences,"Melody Chandler,Melissa James DVM",Bug,2024-07-26,48
486,cultivate value-added solutions,"Allison Perez,Mary Perez,Joseph Moore",Feature,2024-10-22,138
487,redefine user-centric web services,Dawn Johnston,Spike,2024-08-13,161
488,re-contextualize clicks-and-mortar networks,Dawn Johnston,Documentation,2024-07-07,149
489,productize next-generation systems,"Mary Perez,Curtis Esparza",Bug,2024-12-23,26
490,visualize real-time schemas,"Margaret Jackson,Melody Chandler",Bug,2024-05-23,30
491,maximize bricks-and-clicks bandwidth,"Brian Dodson,Richard Coleman,Joseph Moore",Documentation,2024-12-19,153
492,aggregate cutting-edge content,"Isabella Williams,Brandon Adams DDS,Benjamin Collins",Bug,2024-09-07,13
493,benchmark global mindshare,Jason Rhodes,Bug,2024-09-01,31
494,mesh magnetic vortals,"Brandon Adams DDS,Amanda Brewer",Feature,2024-01-18,95
495,e-enable plug-and-play models,Mary Perez,Bug,2024-07-21,22
496,e-enable strategic methodologies,"Hayley Jones,Kendra Price",Spike,2024-07-22,99
497,architect B2B bandwidth,"Brian Dodson,Alexis Baker,Jason Rhodes",Spike,2024-01-02,155
498,innovate dot-com systems,Stephanie Thomas,Documentation,2024-02-23,251
499,implement revolutionary e-services,"Richard Coleman,Allison Perez",Bug,2024-06-14,60
500,cultivate front-end relationships,"Pamela Stuart,Alejandra Carroll",Documentation,2024-12-18,101
501,incubate back-end web services,"Derek Harrison,Mary Mills,Leslie Morris",Spike,2024-11-24,145
502,deploy open-source architectures,"Alejandra Carroll,Melissa James DVM,Michael Mitchell",Bug,2024-05-22,16
503,revolutionize revolutionary web services,"Mrs. Christine Farmer,Richard Coleman",Bug,2024-04-01,20
504,empower front-end initiatives,Traci Woods,Documentation,2024-01-08,123
505,seize seamless niches,"Vanessa Matthews,Alexis Baker,Michael Mitchell",Spike,2024-09-08,150
506,expedite dot-com portals,"Derek Harrison,Melissa James DVM,Matthew Lewis",Bug,2024-04-09,28
507,harness scalable networks,"Mrs. Christine Farmer,Melody Chandler,Valerie Sanchez",Documentation,2024-02-08,157
508,seize cross-media infrastructures,"Brandon Adams DDS,Joe Anderson",Spike,2024-05-15,61
509,re-contextualize killer initiatives,"Tara Young,Pamela Stuart",Documentation,2024-12-27,254
510,whiteboard viral partnerships,"Derek Harrison,Nicolas Evans,Ashley Thomas",Feature,2024-02-19,113
511,seize front-end ROI,Kelly Larson,Bug,2024-03-23,28
512,incentivize best-of-breed supply-chains,"Melissa James DVM,Pamela Stuart,Stephanie Thomas",Feature,2024-09-10,157
513,integrate best-of-breed communities,"Mary Perez,Andrea Roberts",Spike,2024-07-14,161
514,unleash turn-key channels,"Mrs. Christine Farmer,Ruben Myers,Nicolas Evans",Feature,2024-01-27,169
515,integrate open-source e-markets,"Jerry Ruiz,Valerie Sanchez",Feature,2024-03-17,147
516,envisioneer intuitive functionalities,"Mrs. Christine Farmer,Mary Mills",Spike,2024-10-20,163
517,incubate transparent e-services,"Mrs. Christine Farmer,Joshua Browning,Curtis Esparza",Documentation,2024-09-11,82
518,utilize bricks-and-clicks functionalities,"Joseph Moore,Curtis Esparza,Kendra Price",Feature,2024-01-21,143
519,morph out-of-the-box initiatives,"Tara Young,Cory Richardson,Valerie Sanchez",Documentation,2024-08-05,106
520,morph plug-and-play convergence,"Mary Perez,Pamela Stuart",Feature,2024-02-14,103
521,redefine dot-com content,Victoria Ortiz,Documentation,2024-06-30,141
522,cultivate end-to-end platforms,"Mary Mills,Isabella Williams",Spike,2024-10-12,163
523,visualize interactive eyeballs,Kristy Cummings,Feature,2024-12-16,119
524,exploit cross-platform applications,"Mrs. Christine Farmer,Kelly Larson",Spike,2024-05-23,135
525,cultivate interactive initiatives,"Brian Dodson,Curtis Esparza,Nicolas Evans",Feature,2024-02-21,97
526,morph mission-critical markets,"Margaret Jackson,Mrs. Christine Farmer,Joseph Moore",Spike,2024-09-07,137
527,enhance cutting-edge experiences,"Mrs. Christine Farmer,Matthew Lewis,Joseph Moore",Spike,2024-04-15,106
528,facilitate viral synergies,"Joseph Moore,Michael Mitchell,Mrs. Christine Farmer",Feature,2024-10-23,110
529,enhance intuitive markets,"Brandon Adams DDS,Vanessa Matthews,Angelica Williams",Feature,2024-07-17,89
530,deploy next-generation web services,"Brandon Adams DDS,Carol Shelton",Feature,2024-12-02,63
531,aggregate wireless interfaces,"Victoria Ortiz,Cory Richardson,Erin Fox",Bug,2024-10-06,40
532,mesh compelling schemas,"Curtis Esparza,Hayley Jones",Documentation,2024-05-27,97
533,reinvent holistic supply-chains,"Andrea Roberts,Mrs. Christine Farmer",Bug,2024-04-12,42
534,repurpose enterprise methodologies,Kelly Larson,Bug,2024-01-02,35
535,enhance customized e-services,"Mrs. Christine Farmer,Michael Mitchell",Spike,2024-09-12,160
536,strategize web-enabled functionalities,"Mrs. Christine Farmer,Ashley Thomas,Kendra Price",Feature,2024-02-29,146
537,visualize web-enabled experiences,"Margaret Jackson,Jerry Ruiz,Ruben Myers",Documentation,2024-11-02,162
538,implement interactive functionalities,"Pamela Stuart,Mary Perez,Derek Harrison",Spike,2024-03-31,160
539,whiteboard e-business infrastructures,Benjamin Collins,Bug,2024-04-10,3
540,transform next-generation portals,Pamela Stuart,Feature,2024-04-23,154
541,matrix collaborative markets,"Melissa James DVM,Benjamin Collins,Leslie Morris",Spike,2024-09-18,86
542,harness integrated convergence,Jason Rhodes,Feature,2024-02-23,214
543,seize rich action-items,"Andrea Roberts,Traci Woods",Spike,2024-07-06,170
544,innovate front-end info-mediaries,"Derek Harrison,Melissa James DVM,Curtis Esparza",Feature,2024-01-27,140
545,harness web-enabled supply-chains,"Hayley Jones,Kristy Cummings,Ashley Thomas",Bug,2024-08-27,31
546,utilize integrated action-items,"Vanessa Matthews,Amanda Brewer",Documentation,2024-03-20,101
547,extend end-to-end ROI,"Kelly Larson,Ashley Thomas,Erin Fox",Bug,2024-07-08,23
548,redefine transparent e-services,Mary Mills,Documentation,2024-11-14,137
549,productize value-added e-markets,"Pamela Stuart,Melody Chandler",Feature,2024-12-20,220
550,transform viral relationships,Margaret Jackson,Spike,2024-03-31,131
551,whiteboard extensible e-services,"Melissa James DVM,Cory Richardson,Mario Hernandez",Bug,2024-02-04,35
552,target rich web services,"Andrea Roberts,Leslie Morris,Jerry Ruiz",Documentation,2024-02-27,154
553,drive visionary niches,"Curtis Esparza,Traci Woods",Bug,2024-07-07,37
554,whiteboard virtual technologies,"Nicolas Evans,Nicholas Moore,Mary Mills",Documentation,2024-09-09,109
555,generate B2C e-markets,"Ashley Thomas,Joe Anderson",Bug,2024-02-05,28
556,maximize synergistic paradigms,"Angelica Williams,Kelly Larson,Jerry Ruiz",Documentation,2024-12-23,113
557,streamline user-centric metrics,"Derek Harrison,Kendra Price",Documentation,2024-04-01,114
558,re-contextualize enterprise niches,"Victoria Ortiz,Melissa James DVM",Feature,2024-02-25,175
559,incubate virtual convergence,Jerry Ruiz,Documentation,2024-03-07,144
560,scale web-enabled deliverables,Margaret Jackson,Feature,2024-11-08,247
561,visualize global technologies,"Richard Coleman,Tara Young",Documentation,2024-06-17,117
562,maximize user-centric portals,"Kristy Cummings,Kelly Larson,Pamela Stuart",Spike,2024-10-13,143
563,visualize best-of-breed info-mediaries,"Andrea Roberts,Nicolas Evans,Kristy Cummings",Spike,2024-05-10,201
564,brand value-added experiences,Jason Rhodes,Spike,2024-06-14,206
565,scale cross-media systems,"Nicolas Evans,Mrs. Christine Farmer,Joshua Browning",Documentation,2024-02-21,89
566,visualize efficient deliverables,"Richard Coleman,Pamela Stuart",Feature,2024-05-31,256
567,implement clicks-and-mortar eyeballs,"Erin Fox,Michael Mitchell",Feature,2024-04-14,151
568,envisioneer mission-critical synergies,"Leslie Morris,Cory Richardson",Documentation,2024-04-01,114
569,deliver 24/7 relationships,"Ashley Thomas,Allison Perez",Spike,2024-07-19,239
570,streamline viral interfaces,"Richard Coleman,Alejandra Carroll,Brian Dodson",Spike,2024-10-19,151
571,mesh next-generation web-readiness,"Brandon Adams DDS,Amanda Brewer",Feature,2024-08-06,95
572,generate virtual relationships,"Ashley Thomas,Michael Alvarado",Spike,2024-03-07,153
573,transition distributed markets,Carol Shelton,Bug,2024-06-17,23
574,scale global users,"Thomas Zhang,Mario Hernandez",Feature,2024-10-31,142
575,revolutionize enterprise deliverables,"Mario Hernandez,Vanessa Matthews",Spike,2024-01-28,139
576,incentivize cross-media channels,"Nicholas Moore,Pamela Stuart,Mario Hernandez",Feature,2024-10-14,84
577,architect open-source metrics,"Ruben Myers,Kelly Larson",Bug,2024-12-20,56
578,expedite frictionless vortals,Alexis Baker,Feature,2024-11-22,222
579,extend one-to-one bandwidth,"Joseph Moore,Alejandra Carroll,Margaret Jackson",Feature,2024-02-01,145
580,extend vertical markets,"Valerie Sanchez,Thomas Zhang",Feature,2024-06-14,190
581,empower enterprise initiatives,"Amanda Brewer,Melissa James DVM,Mrs. Christine Farmer",Feature,2024-05-15,107
582,evolve B2C methodologies,"Cory Richardson,Brian Dodson,Dawn Johnston",Bug,2024-03-08,38
583,exploit vertical paradigms,"Hayley Jones,Mary Perez",Documentation,2024-06-02,140
584,leverage sticky e-commerce,Kelly Larson,Feature,2024-11-21,154
585,deliver world-class mindshare,Derek Harrison,Feature,2024-10-30,114
586,e-enable next-generation content,"Mrs. Christine Farmer,Hayley Jones",Spike,2024-04-05,200
587,repurpose bleeding-edge functionalities,"Margaret Jackson,Melody Chandler,Andrea Roberts",Feature,2024-07-15,101
588,orchestrate world-class applications,"Margaret Jackson,Nicholas Moore,Jason Rhodes",Spike,2024-04-17,101
589,revolutionize magnetic info-mediaries,"Kristy Cummings,Brandon Adams DDS",Documentation,2024-02-15,100
590,scale frictionless partnerships,"Michael Alvarado,Thomas Zhang,Mary Mills",Bug,2024-07-04,39
591,cultivate turn-key e-markets,"Hayley Jones,Mary Mills",Bug,2024-11-18,19
592,scale killer e-commerce,Kristy Cummings,Documentation,2024-10-11,189
593,cultivate bricks-and-clicks niches,"Victoria Ortiz,Brian Dodson",Bug,2024-03-23,31
594,leverage integrated paradigms,Hayley Jones,Documentation,2024-05-17,226
595,drive 24/365 deliverables,Kelly Larson,Documentation,2024-11-22,231
596,repurpose leading-edge communities,"Margaret Jackson,Kelly Larson",Documentation,2024-08-24,159
597,benchmark turn-key applications,"Derek Harrison,Margaret Jackson,Michael Alvarado",Bug,2024-11-16,33
598,innovate user-centric e-markets,"Allison Perez,Margaret Jackson",Spike,2024-05-24,205
599,syndicate next-generation infrastructures,Mary Mills,Documentation,2024-10-04,230
600,visualize robust relationships,"Mario Hernandez,Joseph Moore",Feature,2024-04-09,160
601,engineer next-generation initiatives,"Matthew Lewis,Isabella Williams,Derek Harrison",Bug,2024-01-14,26
602,maximize mission-critical e-business,"Isabella Williams,Melissa James DVM,Curtis Esparza",Documentation,2024-09-18,115
603,facilitate enterprise metrics,"Brandon Adams DDS,Mary Perez",Documentation,2024-02-16,125
604,synergize robust mindshare,"Curtis Esparza,Margaret Jackson,Carol Shelton",Feature,2024-08-12,130
605,synthesize scalable ROI,Amanda Brewer,Spike,2024-05-23,134
606,orchestrate innovative portals,"Margaret Jackson,Angelica Williams,Jason Rhodes",Spike,2024-07-14,164
607,target compelling deliverables,Thomas Zhang,Spike,2024-10-16,97
608,scale real-time synergies,Curtis Esparza,Documentation,2024-09-13,257
609,brand innovative schemas,"Angelica Williams,Mrs. Christine Farmer,Cory Richardson",Documentation,2024-01-08,102
610,re-contextualize user-centric technologies,"Kristy Cummings,Stephanie Thomas",Documentation,2024-10-04,228
611,incubate enterprise networks,Dawn Johnston,Bug,2024-11-19,20
612,generate world-class platforms,"Kendra Price,Kristy Cummings",Feature,2024-10-16,100
613,orchestrate extensible functionalities,"Michael Alvarado,Traci Woods",Documentation,2024-10-19,161
614,generate 24/7 deliverables,"Amanda Brewer,Brian Dodson,Michael Mitchell",Feature,2024-01-23,162
615,implement collaborative paradigms,Mary Perez,Feature,2024-03-24,153
616,empower intuitive methodologies,Kristy Cummings,Spike,2024-09-11,119
617,enable strategic architectures,"Erin Fox,Matthew Lewis",Bug,2024-01-24,27
618,envisioneer proactive applications,Kendra Price,Documentation,2024-11-20,106
619,leverage real-time action-items,"Brandon Adams DDS,Kendra Price,Mary Perez",Spike,2024-12-01,96
620,embrace open-source content,"Mary Mills,Isabella Williams",Spike,2024-11-11,112
621,strategize rich functionalities,Mario Hernandez,Documentation,2024-02-07,107
622,syndicate innovative systems,"Isabella Williams,Traci Woods,Amanda Brewer",Feature,2024-08-08,155
623,generate impactful action-items,"Tara Young,Valerie Sanchez",Spike,2024-08-01,157
624,generate visionary deliverables,Ruben Myers,Feature,2024-11-28,142
625,facilitate enterprise models,Joshua Browning,Bug,2024-03-25,4
626,grow e-business networks,Benjamin Collins,Feature,2024-01-04,26
627,extend customized schemas,"Kristy Cummings,Mary Mills,Jerry Ruiz",Bug,2024-07-13,34
628,disintermediate scalable initiatives,"Kristy Cummings,Pamela Stuart,Melody Chandler",Feature,2024-04-23,145
629,incubate frictionless eyeballs,"Donna Garza,Joe Anderson,Amanda Brewer",Spike,2024-08-02,239
630,synergize impactful content,"Michael Mitchell,Thomas Zhang",Spike,2024-12-01,156
631,morph user-centric web services,Joseph Moore,Bug,2024-12-30,25
632,integrate web-enabled relationships,Leslie Morris,Documentation,2024-05-20,128
633,syndicate best-of-breed mindshare,Brandon Adams DDS,Bug,2024-06-15,5
634,strategize killer relationships,"Donna Garza,Ashley Thomas",Bug,2024-10-13,26
635,architect open-source action-items,Victoria Ortiz,Feature,2024-11-30,137
636,scale bleeding-edge info-mediaries,"Michael Alvarado,Mary Perez,Mrs. Christine Farmer",Feature,2024-01-05,245
637,grow global e-commerce,Nicholas Moore,Bug,2024-05-06,24
638,incentivize world-class technologies,"Tara Young,Ashley Thomas,Michael Alvarado",Spike,2024-03-26,170
639,re-intermediate revolutionary systems,Isabella Williams,Feature,2024-03-26,126
640,repurpose e-business mindshare,"Matthew Lewis,Stephanie Thomas",Documentation,2024-01-24,121
641,mesh viral channels,Vanessa Matthews,Feature,2024-02-14,110
642,innovate next-generation content,"Traci Woods,Richard Coleman,Allison Perez",Feature,2024-04-20,146
643,generate scalable eyeballs,"Dawn Johnston,Stephanie Thomas",Documentation,2024-10-16,106
644,disintermediate out-of-the-box vortals,"Derek Harrison,Thomas Zhang,Donna Garza",Bug,2024-07-03,27
645,engineer web-enabled experiences,"Curtis Esparza,Alexis Baker,Andrea Roberts",Documentation,2024-08-22,157
646,morph efficient web services,"Jason Rhodes,Jerry Ruiz,Mrs. Christine Farmer",Bug,2024-06-05,17
647,e-enable cutting-edge methodologies,Thomas Zhang,Bug,2024-06-09,31
648,incubate dot-com mindshare,Melissa James DVM,Bug,2024-07-18,34
649,incubate leading-edge e-services,"Victoria Ortiz,Melody Chandler,Angelica Williams",Documentation,2024-05-01,114
650,drive B2C infrastructures,"Melissa James DVM,Joshua Browning",Bug,2024-08-11,21
651,architect bricks-and-clicks architectures,Pamela Stuart,Spike,2024-12-30,110
652,syndicate extensible web services,"Stephanie Thomas,Dawn Johnston",Documentation,2024-01-23,123
653,utilize cross-platform interfaces,"Mary Mills,Leslie Morris,Cory Richardson",Spike,2024-07-15,114
654,enable robust initiatives,"Brandon Adams DDS,Michael Alvarado",Bug,2024-10-11,27
655,extend leading-edge paradigms,"Traci Woods,Thomas Zhang,Amanda Brewer",Feature,2024-01-06,154
656,scale vertical interfaces,"Pamela Stuart,Joe Anderson,Kelly Larson",Bug,2024-11-03,37
657,engage cross-platform metrics,"Mrs. Christine Farmer,Joseph Moore,Isabella Williams",Spike,2024-12-10,127
658,revolutionize cross-media bandwidth,"Derek Harrison,Brian Dodson,Mary Mills",Spike,2024-03-29,221
659,matrix next-generation infrastructures,"Valerie Sanchez,Mrs. Christine Farmer,Vanessa Matthews",Documentation,2024-09-29,139
660,syndicate scalable communities,Joe Anderson,Feature,2024-10-10,136
661,evolve cutting-edge bandwidth,Jason Rhodes,Documentation,2024-09-21,149
662,seize efficient metrics,"Benjamin Collins,Vanessa Matthews",Spike,2024-04-24,69
663,expedite synergistic interfaces,"Ashley Thomas,Leslie Morris,Jason Rhodes",Bug,2024-05-03,48
664,leverage ubiquitous interfaces,Derek Harrison,Feature,2024-09-16,106
665,maximize dynamic architectures,"Dawn Johnston,Donna Garza,Mary Mills",Bug,2024-06-17,22
666,maximize 24/365 e-markets,"Valerie Sanchez,Joshua Browning,Donna Garza",Bug,2024-02-05,19
667,brand bleeding-edge functionalities,"Alexis Baker,Ashley Thomas",Feature,2024-08-16,237
668,envisioneer virtual architectures,"Alexis Baker,Kendra Price,Melissa James DVM",Documentation,2024-05-13,108
669,synergize robust synergies,"Carol Shelton,Alexis Baker",Bug,2024-08-31,26
670,harness 24/365 web services,Mary Perez,Spike,2024-03-05,129
671,benchmark B2C paradigms,"Dawn Johnston,Cory Richardson,Matthew Lewis",Bug,2024-08-24,27
672,enhance transparent users,"Valerie Sanchez,Allison Perez,Matthew Lewis",Feature,2024-01-03,97
673,drive interactive portals,"Thomas Zhang,Hayley Jones",Feature,2024-02-06,175
674,deploy dynamic deliverables,"Erin Fox,Brian Dodson,Margaret Jackson",Feature,2024-04-18,140
675,whiteboard out-of-the-box eyeballs,"Angelica Williams,Andrea Roberts,Mary Perez",Documentation,2024-09-06,245
676,evolve value-added eyeballs,"Victoria Ortiz,Mario Hernandez",Bug,2024-01-03,31
677,embrace front-end supply-chains,"Alejandra Carroll,Thomas Zhang,Joseph Moore",Documentation,2024-08-22,153
678,unleash best-of-breed functionalities,"Thomas Zhang,Brandon Adams DDS,Pamela Stuart",Documentation,2024-09-07,107
679,iterate global info-mediaries,"Cory Richardson,Jason Rhodes,Nicholas Moore",Feature,2024-05-22,101
680,maximize bleeding-edge channels,"Joshua Browning,Allison Perez,Tara Young",Feature,2024-09-04,78
681,evolve enterprise relationships,"Joseph Moore,Jason Rhodes,Jerry Ruiz",Documentation,2024-02-25,169
682,extend collaborative deliverables,"Pamela Stuart,Andrea Roberts",Bug,2024-03-01,48
683,embrace frictionless systems,"Jerry Ruiz,Matthew Lewis",Spike,2024-03-08,226
684,transform virtual models,"Brian Dodson,Allison Perez",Documentation,2024-03-19,166
685,transform transparent vortals,"Thomas Zhang,Nicholas Moore",Bug,2024-11-22,51
686,benchmark end-to-end e-tailers,"Derek Harrison,Isabella Williams",Feature,2024-07-14,148
687,enable integrated e-tailers,"Margaret Jackson,Melissa James DVM",Feature,2024-07-13,153
688,empower compelling methodologies,"Tara Young,Mario Hernandez",Bug,2024-01-23,25
689,facilitate end-to-end schemas,"Melissa James DVM,Brandon Adams DDS",Spike,2024-01-14,84
690,incentivize holistic web-readiness,"Allison Perez,Mary Perez",Feature,2024-10-15,148
691,enable ubiquitous infrastructures,"Allison Perez,Kristy Cummings",Feature,2024-01-09,157
692,deploy scalable users,Vanessa Matthews,Feature,2024-05-19,135
693,maximize best-of-breed architectures,Richard Coleman,Bug,2024-08-29,30
694,synergize enterprise technologies,"Andrea Roberts,Allison Perez,Nicholas Moore",Documentation,2024-09-09,109
695,engage intuitive infrastructures,"Allison Perez,Andrea Roberts,Brandon Adams DDS",Feature,2024-08-14,75
696,mesh front-end initiatives,Nicolas Evans,Documentation,2024-04-04,145
697,target impactful solutions,"Cory Richardson,Jason Rhodes,Matthew Lewis",Spike,2024-06-27,122
698,scale world-class e-markets,"Richard Coleman,Kelly Larson",Feature,2024-01-03,106
699,innovate clicks-and-mortar ROI,"Brian Dodson,Tara Young,Brandon Adams DDS",Feature,2024-07-02,99
700,synthesize extensible action-items,"Richard Coleman,Melissa James DVM,Angelica Williams",Spike,2024-02-15,147
701,engage turn-key communities,"Hayley Jones,Valerie Sanchez",Feature,2024-10-18,184
702,reinvent dot-com models,"Erin Fox,Nicholas Moore,Dawn Johnston",Documentation,2024-05-20,114
703,embrace e-business mindshare,Isabella Williams,Bug,2024-01-13,35
704,innovate open-source solutions,Thomas Zhang,Documentation,2024-07-04,149
705,cultivate bricks-and-clicks channels,"Kendra Price,Joe Anderson,Allison Perez",Bug,2024-03-25,25
706,enhance back-end eyeballs,Brian Dodson,Bug,2024-02-12,20
707,enhance bricks-and-clicks convergence,"Melody Chandler,Michael Alvarado",Documentation,2024-06-04,131
708,disintermediate killer portals,"Alexis Baker,Pamela Stuart",Documentation,2024-07-02,150
709,streamline B2C supply-chains,"Isabella Williams,Melissa James DVM",Documentation,2024-02-16,237
710,optimize open-source systems,"Nicolas Evans,Michael Alvarado",Documentation,2024-07-24,101
711,transform e-business paradigms,"Pamela Stuart,Cory Richardson",Spike,2024-07-28,144
712,envisioneer magnetic methodologies,"Matthew Lewis,Kelly Larson,Mario Hernandez",Feature,2024-10-01,147
713,whiteboard scalable platforms,"Stephanie Thomas,Carol Shelton",Bug,2024-03-23,47
714,innovate cross-platform schemas,Nicholas Moore,Documentation,2024-04-06,153
715,embrace dynamic communities,"Nicholas Moore,Mario Hernandez,Carol Shelton",Documentation,2024-06-27,127
716,reinvent real-time channels,"Mario Hernandez,Joshua Browning",Documentation,2024-12-20,109
717,utilize sticky interfaces,Carol Shelton,Spike,2024-05-27,119
718,visualize granular e-commerce,"Nicholas Moore,Benjamin Collins,Mary Perez",Documentation,2024-10-11,195
719,integrate collaborative vortals,Melody Chandler,Documentation,2024-03-12,147
720,monetize value-added relationships,Isabella Williams,Documentation,2024-08-04,146
721,whiteboard viral interfaces,"Melissa James DVM,Vanessa Matthews,Nicholas Moore",Feature,2024-07-27,155
722,embrace open-source applications,"Benjamin Collins,Pamela Stuart,Ruben Myers",Spike,2024-11-16,101
723,synthesize viral eyeballs,"Joseph Moore,Matthew Lewis,Andrea Roberts",Documentation,2024-10-20,119
724,synergize out-of-the-box experiences,Traci Woods,Bug,2024-05-03,54
725,productize magnetic e-markets,"Kendra Price,Ashley Thomas",Bug,2024-12-15,26
726,orchestrate next-generation vortals,"Carol Shelton,Michael Mitchell",Bug,2024-06-04,36
727,visualize customized experiences,Isabella Williams,Spike,2024-02-02,211
728,optimize extensible eyeballs,"Kendra Price,Mrs. Christine Farmer",Spike,2024-09-25,114
729,transition granular ROI,Derek Harrison,Bug,2024-08-03,35
730,orchestrate leading-edge users,Tara Young,Documentation,2024-04-10,122
731,re-intermediate customized architectures,"Matthew Lewis,Traci Woods",Spike,2024-06-28,229
732,deploy killer e-services,Derek Harrison,Bug,2024-05-06,23
733,re-intermediate 24/365 supply-chains,"Mary Perez,Alejandra Carroll,Cory Richardson",Bug,2024-11-28,34
734,incubate one-to-one convergence,Brian Dodson,Documentation,2024-06-17,117
735,implement interactive content,"Ashley Thomas,Melody Chandler,Hayley Jones",Feature,2024-10-31,135
736,incentivize integrated info-mediaries,"Dawn Johnston,Allison Perez,Amanda Brewer",Spike,2024-12-31,135
737,cultivate rich niches,Michael Alvarado,Documentation,2024-05-14,125
738,drive integrated methodologies,Carol Shelton,Bug,2024-10-18,52
739,seize leading-edge experiences,"Derek Harrison,Margaret Jackson,Nicolas Evans",Bug,2024-04-02,28
740,enable front-end action-items,"Brandon Adams DDS,Victoria Ortiz,Ashley Thomas",Documentation,2024-08-08,115
741,cultivate synergistic relationships,"Michael Alvarado,Richard Coleman,Alexis Baker",Spike,2024-06-03,116
742,generate web-enabled e-markets,"Ruben Myers,Joshua Browning",Feature,2024-10-06,80
743,productize collaborative portals,"Kendra Price,Mrs. Christine Farmer,Margaret Jackson",Feature,2024-07-17,111
744,harness cross-platform networks,Nicolas Evans,Bug,2024-12-02,20
745,aggregate open-source content,"Kelly Larson,Mrs. Christine Farmer",Spike,2024-08-28,107
746,incubate scalable functionalities,Melissa James DVM,Feature,2024-04-07,161
747,deploy end-to-end applications,"Nicolas Evans,Ashley Thomas",Spike,2024-09-06,270
748,e-enable visionary metrics,Melody Chandler,Spike,2024-04-14,163
749,matrix virtual functionalities,"Carol Shelton,Alejandra Carroll",Bug,2024-09-17,30
750,synthesize vertical vortals,"Valerie Sanchez,Mary Perez,Amanda Brewer",Feature,2024-05-08,124
751,enable innovative partnerships,Matthew Lewis,Documentation,2024-11-22,256
752,productize B2B models,Derek Harrison,Bug,2024-09-15,22
753,matrix enterprise methodologies,"Joshua Browning,Cory Richardson,Richard Coleman",Feature,2024-10-18,178
754,utilize real-time mindshare,Nicolas Evans,Feature,2024-05-19,159
755,embrace back-end models,"Cory Richardson,Margaret Jackson,Carol Shelton",Feature,2024-01-15,123
756,monetize user-centric initiatives,"Mary Perez,Jerry Ruiz",Feature,2024-07-02,160
757,integrate clicks-and-mortar synergies,"Leslie Morris,Traci Woods",Feature,2024-01-16,147
758,enable global deliverables,"Allison Perez,Amanda Brewer",Spike,2024-08-08,174
759,embrace front-end mindshare,"Joseph Moore,Melissa James DVM,Curtis Esparza",Bug,2024-03-03,32
760,facilitate bleeding-edge web services,"Nicholas Moore,Melody Chandler",Spike,2024-08-28,109
761,engage viral relationships,"Michael Alvarado,Mary Perez,Nicholas Moore",Documentation,2024-10-05,156
762,engage cross-media e-business,"Richard Coleman,Curtis Esparza,Pamela Stuart",Feature,2024-11-28,162
763,extend global e-tailers,"Jerry Ruiz,Mario Hernandez",Bug,2024-09-13,46
764,revolutionize bleeding-edge schemas,Curtis Esparza,Feature,2024-07-03,116
765,synthesize granular schemas,"Ashley Thomas,Nicholas Moore,Erin Fox",Bug,2024-03-16,31
766,e-enable compelling mindshare,"Richard Coleman,Victoria Ortiz,Jerry Ruiz",Spike,2024-01-27,142
767,leverage mission-critical bandwidth,"Michael Alvarado,Mrs. Christine Farmer",Bug,2024-01-25,25
768,cultivate clicks-and-mortar info-mediaries,Alejandra Carroll,Documentation,2024-12-07,133
769,deploy next-generation paradigms,"Melissa James DVM,Joshua Browning",Documentation,2024-03-02,98
770,extend revolutionary users,"Allison Perez,Alexis Baker",Bug,2024-05-25,29
771,deliver 24/7 partnerships,Angelica Williams,Bug,2024-08-20,9
772,engineer wireless markets,"Joshua Browning,Melody Chandler,Richard Coleman",Bug,2024-12-14,23
773,implement dynamic markets,"Matthew Lewis,Hayley Jones,Mary Perez",Bug,2024-10-12,32
774,disintermediate cutting-edge schemas,"Mrs. Christine Farmer,Melissa James DVM,Hayley Jones",Documentation,2024-03-24,128
775,facilitate interactive technologies,"Jerry Ruiz,Tara Young,Richard Coleman",Feature,2024-06-23,140
776,aggregate granular info-mediaries,Margaret Jackson,Bug,2024-06-18,25
777,cultivate B2C web services,"Jason Rhodes,Vanessa Matthews",Bug,2024-10-16,19
778,envisioneer innovative e-markets,Valerie Sanchez,Documentation,2024-01-04,165
779,transform front-end solutions,"Mrs. Christine Farmer,Thomas Zhang",Documentation,2024-10-13,148
780,engage customized initiatives,"Hayley Jones,Mary Perez,Nicolas Evans",Spike,2024-11-02,145
781,streamline efficient supply-chains,Nicholas Moore,Bug,2024-02-19,28
782,matrix bricks-and-clicks paradigms,"Jerry Ruiz,Derek Harrison",Spike,2024-09-26,156
783,implement value-added info-mediaries,"Curtis Esparza,Pamela Stuart",Documentation,2024-01-08,97
784,evolve scalable info-mediaries,Ashley Thomas,Documentation,2024-12-22,143
785,repurpose virtual synergies,"Tara Young,Matthew Lewis",Feature,2024-03-09,154
786,engage frictionless content,"Nicolas Evans,Melissa James DVM,Kristy Cummings",Bug,2024-05-18,24
787,synergize cross-platform users,Joshua Browning,Spike,2024-09-04,22
788,aggregate innovative info-mediaries,"Ashley Thomas,Curtis Esparza",Documentation,2024-01-29,114
789,architect real-time solutions,Alejandra Carroll,Documentation,2024-07-01,106
790,generate mission-critical supply-chains,Mary Mills,Spike,2024-07-31,102
791,productize world-class networks,Kelly Larson,Feature,2024-11-15,242
792,integrate bricks-and-clicks bandwidth,"Brian Dodson,Pamela Stuart",Documentation,2024-10-31,142
793,embrace robust initiatives,"Richard Coleman,Mrs. Christine Farmer",Bug,2024-01-19,48
794,re-intermediate B2B vortals,"Valerie Sanchez,Kendra Price",Documentation,2024-08-13,136
795,expedite bricks-and-clicks e-business,Vanessa Matthews,Bug,2024-08-17,30
796,scale extensible experiences,Mrs. Christine Farmer,Spike,2024-12-04,107
797,target extensible info-mediaries,Amanda Brewer,Bug,2024-04-05,42
798,e-enable virtual solutions,"Melissa James DVM,Victoria Ortiz,Carol Shelton",Spike,2024-04-24,105
799,re-intermediate one-to-one methodologies,"Isabella Williams,Mary Mills",Bug,2024-12-24,36
800,seize front-end ROI,"Erin Fox,Carol Shelton",Spike,2024-06-28,216
801,incubate interactive methodologies,"Mary Perez,Amanda Brewer,Valerie Sanchez",Bug,2024-03-18,22
802,seize B2B markets,Vanessa Matthews,Feature,2024-11-22,223
803,synergize 24/365 deliverables,Amanda Brewer,Bug,2024-10-02,30
804,revolutionize granular users,"Melissa James DVM,Pamela Stuart",Bug,2024-12-17,35
805,revolutionize frictionless communities,"Derek Harrison,Carol Shelton,Donna Garza",Feature,2024-12-31,159
806,engage magnetic e-business,Matthew Lewis,Documentation,2024-06-30,131
807,deploy synergistic relationships,"Melody Chandler,Brandon Adams DDS,Matthew Lewis",Documentation,2024-04-04,103
808,engage B2B initiatives,"Alexis Baker,Leslie Morris",Bug,2024-03-26,37
809,generate B2C applications,"Cory Richardson,Benjamin Collins",Feature,2024-04-04,79
810,harness best-of-breed solutions,"Michael Alvarado,Kendra Price,Cory Richardson",Bug,2024-11-30,31
811,extend mission-critical users,"Amanda Brewer,Nicholas Moore,Michael Alvarado",Spike,2024-05-24,206
812,monetize wireless synergies,Jason Rhodes,Spike,2024-09-04,104
813,harness 24/365 functionalities,Mario Hernandez,Bug,2024-06-29,40
814,cultivate distributed schemas,"Stephanie Thomas,Mary Mills,Mary Perez",Documentation,2024-10-19,159
815,strategize innovative experiences,"Mary Perez,Michael Mitchell,Michael Alvarado",Documentation,2024-01-19,243
816,generate viral infrastructures,"Jason Rhodes,Curtis Esparza,Nicholas Moore",Bug,2024-05-17,52
817,iterate clicks-and-mortar technologies,Traci Woods,Bug,2024-02-13,29
818,cultivate vertical e-services,"Andrea Roberts,Joseph Moore,Victoria Ortiz",Spike,2024-08-13,142
819,orchestrate bleeding-edge e-tailers,"Hayley Jones,Tara Young",Documentation,2024-12-10,145
820,transform plug-and-play metrics,"Mario Hernandez,Angelica Williams,Allison Perez",Bug,2024-02-06,29
821,cultivate distributed paradigms,Isabella Williams,Spike,2024-11-09,171
822,generate cutting-edge infrastructures,"Benjamin Collins,Allison Perez,Dawn Johnston",Documentation,2024-08-07,73
823,target plug-and-play metrics,"Margaret Jackson,Nicholas Moore,Allison Perez",Feature,2024-05-07,143
824,target plug-and-play synergies,"Derek Harrison,Leslie Morris,Kristy Cummings",Spike,2024-05-22,104
825,e-enable extensible niches,Michael Mitchell,Documentation,2024-07-01,122
826,synergize 24/365 models,"Stephanie Thomas,Andrea Roberts",Documentation,2024-02-12,129
827,cultivate distributed networks,Tara Young,Spike,2024-07-28,154
828,implement frictionless initiatives,Erin Fox,Feature,2024-02-17,155
829,implement 24/7 infrastructures,Brandon Adams DDS,Spike,2024-11-07,25
830,synthesize web-enabled deliverables,"Alejandra Carroll,Brian Dodson,Richard Coleman",Documentation,2024-08-07,116
831,aggregate cutting-edge web-readiness,"Tara Young,Melissa James DVM,Melody Chandler",Bug,2024-07-14,35
832,generate frictionless functionalities,Amanda Brewer,Bug,2024-06-20,33
833,transform real-time infrastructures,"Alejandra Carroll,Donna Garza",Spike,2024-08-24,156
834,deliver collaborative architectures,Mrs. Christine Farmer,Documentation,2024-06-23,159
835,transform frictionless e-business,"Angelica Williams,Ruben Myers,Alexis Baker",Bug,2024-02-01,19
836,mesh 24/365 markets,"Isabella Williams,Amanda Brewer,Alejandra Carroll",Documentation,2024-08-11,150
837,expedite frictionless markets,"Angelica Williams,Nicolas Evans",Spike,2024-02-23,230
838,transition intuitive relationships,"Isabella Williams,Joe Anderson",Bug,2024-07-04,32
839,engineer robust niches,"Richard Coleman,Joseph Moore,Pamela Stuart",Documentation,2024-08-21,111
840,drive e-business convergence,Victoria Ortiz,Bug,2024-11-12,31
841,visualize seamless supply-chains,"Allison Perez,Nicholas Moore",Spike,2024-08-18,141
842,embrace synergistic users,"Alexis Baker,Curtis Esparza",Documentation,2024-04-19,193
843,reinvent proactive paradigms,"Michael Alvarado,Carol Shelton,Donna Garza",Bug,2024-04-09,36
844,e-enable back-end users,"Joshua Browning,Melissa James DVM",Spike,2024-07-18,80
845,transition granular ROI,"Jason Rhodes,Valerie Sanchez,Nicholas Moore",Bug,2024-07-29,22
846,re-intermediate synergistic markets,"Joshua Browning,Victoria Ortiz,Brian Dodson",Bug,2024-08-08,18
847,mesh holistic architectures,"Derek Harrison,Vanessa Matthews",Feature,2024-11-20,127
848,enhance e-business ROI,Nicolas Evans,Feature,2024-05-29,112
849,leverage strategic web services,"Mary Mills,Tara Young,Michael Mitchell",Spike,2024-06-11,146
850,harness proactive e-markets,"Joshua Browning,Kendra Price",Feature,2024-05-22,70
851,re-contextualize magnetic e-business,"Ashley Thomas,Joseph Moore",Spike,2024-09-14,176
852,repurpose intuitive applications,"Andrea Roberts,Carol Shelton,Jason Rhodes",Feature,2024-09-01,155
853,integrate user-centric initiatives,Angelica Williams,Bug,2024-05-29,21
854,generate B2B supply-chains,Joshua Browning,Spike,2024-04-21,26
855,transform 24/365 solutions,"Isabella Williams,Kendra Price,Kelly Larson",Spike,2024-04-08,98
856,architect intuitive communities,"Erin Fox,Vanessa Matthews,Pamela Stuart",Bug,2024-04-12,45
857,empower ubiquitous technologies,Nicholas Moore,Spike,2024-07-29,130
858,leverage robust convergence,"Melody Chandler,Mario Hernandez,Michael Mitchell",Spike,2024-01-12,228
859,seize strategic web-readiness,Joe Anderson,Feature,2024-08-13,151
860,extend intuitive deliverables,Vanessa Matthews,Spike,2024-10-27,150
861,transition dot-com applications,"Joshua Browning,Nicolas Evans,Allison Perez",Documentation,2024-05-27,79
862,deliver integrated applications,"Kelly Larson,Brian Dodson",Bug,2024-06-27,32
863,incentivize innovative convergence,"Amanda Brewer,Victoria Ortiz",Feature,2024-01-07,159
864,synthesize bricks-and-clicks web-readiness,"Angelica Williams,Brandon Adams DDS",Feature,2024-05-31,128
865,disintermediate holistic metrics,"Brandon Adams DDS,Ruben Myers,Kristy Cummings",Documentation,2024-11-18,65
866,matrix dynamic synergies,"Victoria Ortiz,Kendra Price",Bug,2024-03-10,33
867,aggregate value-added content,Angelica Williams,Bug,2024-12-18,32
868,brand back-end paradigms,"Hayley Jones,Jason Rhodes",Feature,2024-02-22,145
869,cultivate seamless web-readiness,"Melissa James DVM,Derek Harrison,Curtis Esparza",Spike,2024-06-10,99
870,expedite front-end synergies,"Joe Anderson,Nicholas Moore,Kelly Larson",Feature,2024-04-02,158
871,unleash open-source schemas,Matthew Lewis,Bug,2024-05-30,40
872,deploy ubiquitous mindshare,"Mary Mills,Mary Perez,Traci Woods",Documentation,2024-02-27,156
873,architect robust technologies,Michael Alvarado,Feature,2024-07-14,171
874,enable seamless schemas,Alexis Baker,Bug,2024-11-20,26
875,unleash bleeding-edge info-mediaries,"Jerry Ruiz,Joshua Browning",Feature,2024-07-26,139
876,drive visionary metrics,"Leslie Morris,Mario Hernandez",Spike,2024-10-29,144
877,embrace enterprise experiences,Thomas Zhang,Feature,2024-10-25,230
878,expedite strategic e-tailers,Brian Dodson,Feature,2024-03-02,150
879,integrate world-class synergies,Erin Fox,Bug,2024-07-13,30
880,re-intermediate extensible models,Andrea Roberts,Bug,2024-02-24,28
881,transform real-time vortals,"Mary Perez,Mario Hernandez,Mrs. Christine Farmer",Bug,2024-12-28,31
882,orchestrate bricks-and-clicks mindshare,"Erin Fox,Kendra Price,Leslie Morris",Feature,2024-02-18,134
883,engage open-source mindshare,"Melissa James DVM,Ashley Thomas",Spike,2024-04-15,120
884,deploy intuitive technologies,"Derek Harrison,Hayley Jones",Documentation,2024-03-18,105
885,re-contextualize scalable e-services,"Joseph Moore,Vanessa Matthews,Benjamin Collins",Documentation,2024-10-10,106
886,harness collaborative paradigms,"Isabella Williams,Benjamin Collins",Bug,2024-02-26,14
887,visualize customized info-mediaries,Brandon Adams DDS,Bug,2024-06-17,3
888,maximize transparent markets,Richard Coleman,Feature,2024-07-25,126
889,syndicate impactful infrastructures,Allison Perez,Documentation,2024-09-16,109
890,exploit efficient networks,"Benjamin Collins,Pamela Stuart,Joshua Browning",Bug,2024-10-02,7
891,productize scalable mindshare,"Jason Rhodes,Kelly Larson",Spike,2024-12-10,159
892,envisioneer bricks-and-clicks systems,"Kristy Cummings,Traci Woods,Derek Harrison",Spike,2024-06-11,136
893,architect out-of-the-box channels,"Andrea Roberts,Melody Chandler,Matthew Lewis",Bug,2024-08-31,39
894,expedite holistic ROI,"Ashley Thomas,Brian Dodson",Bug,2024-09-06,45
895,streamline value-added schemas,"Stephanie Thomas,Thomas Zhang,Ruben Myers",Documentation,2024-11-04,113
896,matrix scalable solutions,"Curtis Esparza,Richard Coleman",Documentation,2024-02-08,126
897,orchestrate out-of-the-box methodologies,"Amanda Brewer,Michael Alvarado,Brandon Adams DDS",Feature,2024-11-04,82
898,generate killer e-markets,"Cory Richardson,Dawn Johnston,Valerie Sanchez",Documentation,2024-04-30,149
899,matrix strategic interfaces,Mary Perez,Spike,2024-03-26,134
900,target e-business infrastructures,Brian Dodson,Spike,2024-04-08,113
901,harness collaborative networks,Alejandra Carroll,Bug,2024-09-02,21
902,disintermediate next-generation mindshare,Joshua Browning,Documentation,2024-12-13,37
903,facilitate world-class convergence,"Michael Mitchell,Kristy Cummings,Melissa James DVM",Feature,2024-07-26,225
904,engineer plug-and-play channels,Joseph Moore,Spike,2024-04-22,108
905,morph customized e-markets,Allison Perez,Spike,2024-03-23,153
906,productize web-enabled communities,"Jason Rhodes,Erin Fox",Feature,2024-03-05,149
907,streamline 24/7 initiatives,"Nicolas Evans,Curtis Esparza",Feature,2024-01-01,117
908,transition world-class bandwidth,"Jason Rhodes,Tara Young",Spike,2024-06-22,144
909,mesh 24/7 info-mediaries,Alejandra Carroll,Spike,2024-09-06,206
910,engage revolutionary supply-chains,"Benjamin Collins,Andrea Roberts,Michael Alvarado",Feature,2024-08-13,102
911,re-intermediate enterprise technologies,"Isabella Williams,Carol Shelton",Spike,2024-10-10,167
912,extend end-to-end users,Amanda Brewer,Bug,2024-03-24,36
913,re-contextualize B2B ROI,"Melody Chandler,Leslie Morris",Bug,2024-08-26,28
914,redefine extensible vortals,"Mary Mills,Richard Coleman,Cory Richardson",Feature,2024-01-28,165
915,grow granular ROI,Leslie Morris,Documentation,2024-10-13,144
916,reinvent 24/365 platforms,Mary Perez,Feature,2024-11-23,154
917,harness leading-edge e-business,"Brian Dodson,Hayley Jones",Feature,2024-10-30,113
918,e-enable clicks-and-mortar methodologies,Nicholas Moore,Documentation,2024-10-08,158
919,benchmark best-of-breed relationships,Mario Hernandez,Documentation,2024-07-01,110
920,disintermediate extensible e-services,Cory Richardson,Documentation,2024-12-10,151
921,engineer 24/365 e-markets,"Mary Mills,Melody Chandler,Melissa James DVM",Bug,2024-05-14,30
922,innovate granular eyeballs,"Alejandra Carroll,Curtis Esparza",Spike,2024-12-26,156
923,aggregate integrated initiatives,Mary Mills,Bug,2024-02-26,25
924,engage dynamic portals,"Valerie Sanchez,Andrea Roberts,Allison Perez",Spike,2024-04-24,113
925,re-contextualize customized web services,"Mary Perez,Alejandra Carroll",Bug,2024-07-04,31
926,syndicate leading-edge schemas,"Stephanie Thomas,Allison Perez",Spike,2024-01-01,115
927,harness clicks-and-mortar technologies,"Margaret Jackson,Melody Chandler,Mary Perez",Bug,2024-12-03,40
928,synergize 24/365 models,"Thomas Zhang,Jerry Ruiz,Tara Young",Documentation,2024-01-29,97
929,grow holistic e-tailers,"Nicholas Moore,Vanessa Matthews",Feature,2024-08-19,104
930,streamline global networks,"Isabella Williams,Richard Coleman",Bug,2024-05-29,26
931,revolutionize extensible methodologies,Donna Garza,Spike,2024-07-08,115
932,disintermediate virtual web-readiness,Derek Harrison,Documentation,2024-09-26,153
933,whiteboard cutting-edge mindshare,"Nicholas Moore,Kendra Price",Bug,2024-09-04,26
934,enhance enterprise bandwidth,"Joshua Browning,Alexis Baker",Bug,2024-11-22,27
935,incubate magnetic metrics,"Isabella Williams,Erin Fox,Matthew Lewis",Documentation,2024-07-13,143
936,aggregate killer convergence,"Michael Mitchell,Allison Perez",Bug,2024-09-11,25
937,reinvent best-of-breed models,"Richard Coleman,Isabella Williams",Feature,2024-03-19,150
938,re-contextualize one-to-one networks,Mary Mills,Bug,2024-12-28,27
939,maximize proactive paradigms,"Angelica Williams,Brian Dodson,Michael Mitchell",Feature,2024-04-07,158
940,generate synergistic mindshare,"Andrea Roberts,Cory Richardson,Mary Perez",Feature,2024-05-29,118
941,generate bricks-and-clicks mindshare,Richard Coleman,Documentation,2024-09-30,114
942,redefine impactful web-readiness,"Ashley Thomas,Angelica Williams",Bug,2024-10-28,30
943,envisioneer distributed deliverables,"Isabella Williams,Amanda Brewer,Cory Richardson",Documentation,2024-12-03,166
944,empower 24/365 action-items,Angelica Williams,Bug,2024-05-02,36
945,envisioneer one-to-one communities,"Alexis Baker,Curtis Esparza,Carol Shelton",Bug,2024-04-07,45
946,integrate world-class e-business,"Erin Fox,Isabella Williams",Spike,2024-06-12,111
947,enhance transparent markets,Benjamin Collins,Bug,2024-02-15,5
948,visualize sticky initiatives,"Alexis Baker,Ruben Myers,Brandon Adams DDS",Documentation,2024-12-24,116
949,harness impactful platforms,"Richard Coleman,Cory Richardson,Alexis Baker",Feature,2024-08-26,110
950,harness turn-key supply-chains,Ruben Myers,Bug,2024-08-17,30
951,transition out-of-the-box networks,"Cory Richardson,Alexis Baker,Michael Alvarado",Spike,2024-10-19,138
952,re-intermediate world-class e-business,Michael Alvarado,Documentation,2024-08-31,157
953,aggregate global technologies,Allison Perez,Bug,2024-01-18,21
954,productize clicks-and-mortar interfaces,"Derek Harrison,Matthew Lewis,Alejandra Carroll",Documentation,2024-06-19,112
955,harness interactive communities,Joe Anderson,Spike,2024-12-25,112
956,envisioneer wireless markets,"Angelica Williams,Thomas Zhang,Melody Chandler",Spike,2024-06-05,109
957,expedite proactive users,"Brandon Adams DDS,Cory Richardson,Mario Hernandez",Documentation,2024-07-22,70
958,evolve seamless communities,Mary Perez,Bug,2024-05-25,19
959,enhance revolutionary networks,Jason Rhodes,Feature,2024-05-22,106
960,engineer e-business content,"Joshua Browning,Nicolas Evans,Brandon Adams DDS",Spike,2024-07-05,104
961,syndicate synergistic networks,"Benjamin Collins,Brandon Adams DDS",Bug,2024-05-01,4
962,exploit 24/7 e-business,"Andrea Roberts,Alexis Baker",Bug,2024-12-15,30
963,disintermediate turn-key initiatives,"Alejandra Carroll,Benjamin Collins",Feature,2024-04-09,81
964,strategize B2B content,Joe Anderson,Spike,2024-10-10,154
965,unleash turn-key niches,"Cory Richardson,Erin Fox",Spike,2024-01-15,96
966,visualize e-business e-tailers,"Allison Perez,Joe Anderson,Carol Shelton",Bug,2024-02-12,12
967,exploit intuitive solutions,"Brandon Adams DDS,Curtis Esparza",Bug,2024-10-15,17
968,leverage value-added synergies,"Carol Shelton,Ruben Myers",Feature,2024-07-05,215
969,revolutionize efficient applications,"Mary Mills,Brandon Adams DDS,Matthew Lewis",Feature,2024-01-08,88
970,empower web-enabled eyeballs,"Stephanie Thomas,Michael Alvarado",Spike,2024-04-21,152
971,productize frictionless models,"Angelica Williams,Mary Mills,Andrea Roberts",Documentation,2024-02-02,255
972,redefine clicks-and-mortar mindshare,"Joshua Browning,Allison Perez,Michael Mitchell",Spike,2024-03-30,104
973,reinvent front-end relationships,Joseph Moore,Bug,2024-05-28,33
974,redefine next-generation models,"Donna Garza,Mary Perez,Mario Hernandez",Spike,2024-07-30,147
975,benchmark out-of-the-box infrastructures,"Margaret Jackson,Allison Perez",Documentation,2024-04-25,167
976,streamline world-class e-tailers,"Kristy Cummings,Andrea Roberts",Feature,2024-06-21,221
977,cultivate revolutionary metrics,"Jason Rhodes,Tara Young",Documentation,2024-01-20,160
978,re-contextualize clicks-and-mortar functionalities,"Pamela Stuart,Melody Chandler",Documentation,2024-05-11,137
979,transition interactive convergence,"Stephanie Thomas,Alexis Baker,Traci Woods",Documentation,2024-10-18,218
980,innovate integrated communities,Michael Alvarado,Feature,2024-12-19,149
981,incentivize granular initiatives,Leslie Morris,Documentation,2024-08-24,165
982,monetize frictionless deliverables,Hayley Jones,Documentation,2024-03-17,124
983,visualize killer supply-chains,"Amanda Brewer,Angelica Williams,Hayley Jones",Documentation,2024-08-10,146
984,aggregate transparent niches,"Nicholas Moore,Alexis Baker,Cory Richardson",Bug,2024-05-05,28
985,disintermediate best-of-breed interfaces,"Amanda Brewer,Jason Rhodes,Leslie Morris",Documentation,2024-02-08,125
986,evolve magnetic web-readiness,"Mary Mills,Erin Fox",Feature,2024-11-22,217
987,iterate dot-com ROI,Mario Hernandez,Documentation,2024-07-27,132
988,repurpose user-centric e-tailers,"Andrea Roberts,Richard Coleman",Documentation,2024-04-15,92
989,synergize ubiquitous e-services,"Vanessa Matthews,Hayley Jones,Joe Anderson",Feature,2024-05-19,147
990,drive e-business functionalities,"Leslie Morris,Joshua Browning",Documentation,2024-09-05,85
991,engage rich markets,"Mario Hernandez,Andrea Roberts",Feature,2024-02-24,147
992,scale impactful vortals,Matthew Lewis,Documentation,2024-04-27,153
993,streamline out-of-the-box metrics,Kristy Cummings,Feature,2024-12-15,139
994,whiteboard open-source networks,Vanessa Matthews,Documentation,2024-06-24,129
995,revolutionize granular solutions,"Joshua Browning,Hayley Jones",Documentation,2024-12-19,87
996,evolve next-generation web-readiness,"Erin Fox,Melody Chandler",Bug,2024-07-31,28
997,incentivize plug-and-play architectures,"Joe Anderson,Angelica Williams",Bug,2024-09-21,20
998,incentivize cross-platform partnerships,"Jason Rhodes,Michael Alvarado",Documentation,2024-05-19,140
999,architect web-enabled methodologies,Isabella Williams,Documentation,2024-11-20,119
1000,scale transparent vortals,"Cory Richardson,Tara Young,Carol Shelton",Spike,2024-12-04,110
